species,RL.cat,TBL,pext,ED,EDGE
Ophioglossum_lusitanicum,LC,92.385506,0.03939219636076459,105.06983985419475,4.138931763130529
Botrychium_lunaria,VU,92.385506,0.26815977263425084,94.24881221100071,25.273740053550153
Ophioglossum_vulgatum,CR,138.034292,0.8150048765404719,138.05571183919997,112.51607838321415
Equisetum_telmateia,LC,146.110113,0.09136801057000402,156.5149248765288,14.300457310482066
Equisetum_palustre,VU,146.110113,0.3249004985785699,149.03613793893587,48.421915522584776
Equisetum_arvense,LC,141.255345,0.04943976940682352,141.70688759039373,7.005955845827728
Equisetum_ramosissimum,LC,141.255345,0.012243747143881368,143.07865622033847,1.7518188884481534
Osmunda_regalis,NT,239.28250300000002,0.1311993168939988,239.28250300000002,31.393700938286223
Cryptogramma_crispa,LC,65.63161475,0.011128888445380455,65.6317009509146,0.730407878363299
Anogramma_leptophylla,LC,43.0478835,0.05219462977373983,43.59862243179882,2.275613956472808
Pteris_vittata,LC,43.0478835,0.02438572023492515,44.22667233093455,1.0784992583838748
Asplenium_onopteris,LC,10.596161,0.019853036889543006,20.776075114422934,0.41246818566655497
Asplenium_viride,NT,10.596161,0.12718867615977722,12.185156314269431,1.5498139004118792
Polypodium_vulgare,NT,52.66694283333333,0.1624297215262074,52.66695491948045,8.55467882120453
Polystichum_aculeatum,LC,2.766708,0.09200008326710434,5.2380515577235816,0.4819011794679551
Polystichum_setiferum,NT,2.766708,0.13321990341933948,4.4733885128698585,0.5959443856417053
Polystichum_lonchitis,LC,21.2997085,0.04603441606691493,21.304462989200715,0.9807385133270557
Abies_pinsapo,EN,237.57461837499997,0.5262836975318581,237.5746183962826,125.03164860931581
Pinus_pinaster,LC,24.668940999999997,0.07267404693811448,24.669627627615665,1.7928416761551467
Pinus_halepensis,LC,22.891591,0.07584897516089323,22.988782198159676,1.7436755699273978
Pinus_pinea,LC,22.891591,0.05431305695632833,23.02731992391232,1.250684138579044
Pinus_sylvestris,LC,63.9799165,0.09026553904597448,63.979932183853165,5.775183066700397
Taxus_baccata,VU,158.61680283333334,0.28889746411036143,158.62085091102466,45.82516158322274
Juniperus_sabina,NT,18.3131835,0.13284001698547113,18.619726744479063,2.47344481700143
Juniperus_phoenicea,NT,7.176717,0.1600443509747327,10.63661808960218,1.7023306387164823
Juniperus_thurifera,VU,7.176717,0.28783493010517974,9.100519729987656,2.6194474604018065
Ceratophyllum_demersum,DD,190.54056338479495,0.19662811962116378,190.54056338479495,37.4656326899094
Posidonia_oceanica,VU,59.2657725,0.25864343870658246,59.26582474046898,15.328716708656547
Ruppia_maritima,LC,9.160422,0.07145630209125359,11.471951381161144,0.8197432234684245
Ruppia_cirrhosa,LC,9.160422,0.046129610278004336,12.74105796803933,0.5877400385951161
Cymodocea_nodosa,VU,32.71355375,0.21176894149400535,32.75959210825833,6.937464144541238
Zostera_marina,VU,20.609471499999998,0.20447301061400552,23.42149083529506,4.78906274416112
Zostera_noltii,VU,20.609471499999998,0.22838065671960803,23.127119306304824,5.2817866952066215
Groenlandia_densa,DD,27.477345,0.2260942644866423,29.472645610022152,6.663596131673425
Zannichellia_palustris,VU,27.477345,0.18273926088107753,29.94603192407752,5.472315740127078
Potamogeton_coloratus,DD,27.175415833333332,0.8868504036561834,27.18268898231967,24.10697869643069
Potamogeton_natans,DD,13.7178435,0.7003846205670291,14.512177182634353,10.16410570966086
Potamogeton_pusillus,DD,13.7178435,0.10603961509409932,18.964364759265028,2.010973939576565
Potamogeton_crispus,LC,20.498807749999997,0.09332590934772175,21.063784252417904,1.9657968196611224
Najas_marina,LC,77.484591,0.023835971970661063,77.49320353342037,1.847125827339341
Baldellia_ranunculoides,LC,28.338594,0.026656867368528542,29.18226636143501,0.777907803909845
Alisma_lanceolatum,LC,28.338594,0.01700995561298346,29.660741026891717,0.5045278883156256
Lemna_minor,NT,29.22195,0.13733725684941375,36.86586140487487,5.063056276736189
Lemna_gibba,NT,29.22195,0.1419994142952038,36.614894746680704,5.199293608509194
Arisarum_vulgare,LC,21.65304425,0.09058718089719957,22.5376800362869,2.041624898450325
Arum_italicum,LC,0.6410555,0.09303315994353459,4.697584404567561,0.4370311212583876
Arum_cylindraceum,NT,0.6410555,0.15206325952328884,3.1228627661161563,0.47487269125953674
Androcymbium_gramineum,VU,106.45967999999999,0.20418845759811344,106.61323001314831,21.76919099593765
Smilax_aspera,LC,80.587887,0.05970319147955601,83.4681358497207,4.983314097077468
Gagea_pratensis,LC,80.587887,0.09102958937645127,82.47694362171569,7.507842310909501
Gladiolus_communis,LC,4.269658,0.02990313849132401,8.878048564238965,0.26548151574913803
Gladiolus_italicus,LC,4.269658,0.04923212805137495,7.068751736528009,0.348009690656126
Asphodelus_aestivus,LC,75.62590724000002,0.06363213208274703,75.62590724000002,4.812237718373256
Allium_subhirsutum,LC,29.39657975,0.04291605931769713,29.396580622277153,1.2615853977231124
Allium_triquetrum,LC,23.564925699999996,0.06058804956467109,23.564930377161446,1.4277531696794812
Allium_oleraceum,LC,10.584722666666666,0.06510243954500367,10.589840034132568,0.689424420613375
Allium_schoenoprasum,VU,6.70399025,0.2023239555574907,6.71974392580434,1.3595651714021553
Allium_vineale,LC,3.5708605,0.07309106135440248,3.7702931228297953,0.2755747259648343
Allium_ampeloprasum,LC,3.5708605,0.04973453332634298,3.863951459066084,0.19217182261229374
Allium_nigrum,LC,17.447756,0.014537612202798025,17.44806839157084,0.25365325196455474
Lapiedra_martinezii,LC,8.552573,0.015282257778658138,8.552573714304243,0.13070263617297315
Pancratium_maritimum,NT,4.606807,0.09446045119647258,4.658505388643446,0.44004452091245877
Sternbergia_colchiciflora,DD,4.606807,0.020549104585390207,4.844454976197586,0.09954921196509822
Narcissus_papyraceus,LC,2.6286905,0.004911322699775746,2.7686802454391186,0.013597882137845827
Narcissus_elegans,DD,1.300571,0.7086278455940145,1.4918784442740645,1.0571866078540804
Narcissus_serotinus,NT,1.300571,0.1433133165311643,2.2465108844666872,0.32195492547628024
Narcissus_bulbocodium,NT,3.744917,0.11271272767751375,3.7776065853375984,0.42578434232593937
Narcissus_jonquilla,NT,3.744917,0.15762912564613046,3.7682916924303775,0.5939925246573776
Aphyllanthes_monspeliensis,LC,70.69266844444445,0.028807501862946196,70.69266844444445,2.036479177909971
Ornithogalum_narbonense,LC,3.402841,0.02384637785668153,3.477327757921267,0.08292167164691773
Ornithogalum_pyrenaicum,LC,3.402841,0.0018750661171633269,4.350135262560117,0.008156791235903868
Scilla_peruviana,LC,9.222113,0.05922200533092685,9.772692374542508,0.5787584399026646
Hyacinthoides_hispanica,LC,9.222113,0.043917881519349784,9.964553516851636,0.4376220807463103
Muscari_neglectum,LC,20.448729,0.05776782764774589,20.507707378699266,1.184685705303106
Anthericum_liliago,NT,68.8888875,0.09543031138787163,68.8889092084855,6.574090056936589
Asparagus_acutifolius,LC,64.80312775,0.0024637330636650555,64.82709446279789,0.159716656049333
Ruscus_aculeatus,LC,44.2452785,0.04353584165669313,46.91936866733833,2.0426742049332507
Polygonatum_odoratum,NT,44.2452785,0.13001038370585544,45.140735945648004,5.868764401058398
Epipactis_palustris,NT,27.829981,0.1039354853485002,29.40860636909345,3.056597776394722
Epipactis_microphylla,NT,27.829981,0.147337729788859,28.94358030789832,4.264481414527263
Cephalanthera_rubra,LC,18.403788,0.07483463913487355,18.60761530183917,1.3924941762736855
Cephalanthera_longifolia,LC,3.908508,0.07837226840141757,5.935539866692799,0.46518172353976234
Cephalanthera_damasonium,NT,3.908508,0.126413914210077,5.165197870789641,0.6529528805160741
Spiranthes_spiralis,DD,54.16916062499999,0.37331318899323335,54.169160662377514,20.22206211195896
Gennaria_diphylla,VU,14.416686142857142,0.3066243391472424,14.41668653311583,4.4205069809095905
Ophrys_lutea,LC,4.8676975,0.031040714692516076,4.8719640520723075,0.15122924613257102
Ophrys_sphegodes,LC,1.710894,0.06194567926986894,1.7509263294925719,0.10846232083191573
Ophrys_apifera,LC,1.710894,0.012004034623713395,1.9174770298651245,0.023017460656676078
Neotinea_maculata,LC,8.828744,0.09211910189958399,8.835965165966279,0.8139611755048222
Gymnadenia_conopsea,VU,5.9842390000000005,0.18537421950948044,6.050413869233916,1.1215907487185728
Dactylorhiza_sambucina,NT,2.027715,0.14926889622610387,2.6930967565265767,0.4019955802768225
Dactylorhiza_maculata,NT,2.027715,0.14740222422737598,2.701523016712831,0.39821050146492193
Chamaerops_humilis,LC,123.17152683636357,0.08077058056952574,123.17152683636357,9.948635732208006
Sparganium_angustifolium,CR,43.02937733333332,0.9846613148019769,43.03071595312232,42.37068134727183
Typha_angustifolia,LC,27.72723175,0.08759020204313042,27.74724101961102,2.4303864470471654
Typha_domingensis,LC,18.661347499999998,0.011675720501540593,19.063186545154835,0.22257643796995707
Typha_latifolia,LC,18.661347499999998,0.027766878822133335,18.830317170948174,0.5228591350680546
Juncus_capitatus,LC,31.556402599999995,0.08608422882679816,31.556402600000556,2.7165085823690163
Juncus_compressus,LC,21.6003525,0.059256385022208834,21.60036358080986,1.2799594609641665
Juncus_bufonius,LC,18.066704,0.08125010008891166,18.066777568406327,1.467927485717118
Juncus_inflexus,LC,6.969868,0.024663423498860994,6.978448671218913,0.1721124349433358
Juncus_effusus,LC,3.93305,0.029440554548322492,4.017747260179608,0.11828470737469098
Juncus_conglomeratus,LC,3.93305,0.025523070451373055,4.0307472701290745,0.10287704654718399
Juncus_articulatus,LC,6.626327,0.05797282468813275,6.643755363595633,0.3851572649645713
Juncus_subnodulosus,LC,4.611141,0.017491981568256865,4.841646171055469,0.08468998558412369
Juncus_bulbosus,LC,4.611141,0.08572071874418051,4.658177378865686,0.3993023129542494
Juncus_maritimus,LC,5.568225,0.07140864776968689,6.314217222608774,0.45088971359056057
Juncus_acutus,LC,5.568225,0.05903208680716095,6.470620607954923,0.3819742374249996
Cladium_mariscus,LC,29.68150247435898,0.009651740566960585,29.681502474358975,0.2864781615201115
Schoenus_nigricans,LC,21.127345460526318,0.040257384415339915,21.127345460526318,0.8505316678800947
Fimbristylis_bisumbellata,LC,7.3568598750000005,0.010435852724153096,7.358023918372856,0.07678725395293501
Eleocharis_quinqueflora,VU,4.764178833333333,0.2746440465340317,4.766645287928271,1.3091307502689948
Eleocharis_multicaulis,LC,4.49156475,0.059929923539851514,4.507117714407006,0.27011122000952215
Eleocharis_acicularis,NT,3.4153905,0.15354716462875467,3.530721123392701,0.5421322175918007
Eleocharis_uniglumis,NT,3.4153905,0.10152654578523135,3.589814736339892,0.36446149018951024
Schoenoplectus_litoralis,NT,4.1690475,0.12213508962889409,4.297871257643543,0.5249208912657418
Bolboschoenus_maritimus,LC,4.1690475,0.0297743002249227,4.697486491588957,0.1398643731030884
Isolepis_setacea,LC,0.862263,0.03597993334388707,1.3525814984849402,0.04866579215766304
Isolepis_cernua,LC,0.862263,0.08051725672520126,1.0813666755384297,0.08706867822840515
Scirpoides_holoschoenus,LC,6.781306111111111,0.06798971945734399,6.781306111111186,0.4610591000488219
Cyperus_difformis,LC,3.6616505,0.06109254214597893,3.777111062585682,0.23075331678105904
Cyperus_fuscus,LC,3.6616505,0.08399057061920863,3.7456334903995314,0.31459789418907474
Cyperus_capitatus,NT,4.3470225000000005,0.10000477240754838,4.347022500583532,0.43472299582134794
Cyperus_michelianus,LC,2.5202725,0.00909483041199062,2.682390613065342,0.024395887724544835
Pycreus_mundtii,NT,2.5202725,0.14843522450068894,2.530205699818311,0.37557165108545376
Cyperus_esculentus,LC,0.42414125,0.008273135606608837,0.42501621680643786,0.003516216796647522
Cyperus_longus,LC,0.21131250000000001,0.04288505432088533,0.2156460900760038,0.009247994286995954
Pycreus_flavescens,LC,0.21131250000000001,0.01956876860594827,0.2208095843365882,0.0043209716618583145
Cyperus_rotundus,LC,1.2566271666666666,0.08915252855762561,1.2566435304194068,0.11203294823247163
Carex_divisa,LC,2.0631676666666667,0.0184844964057934,2.07773581597582,0.038405900222593256
Carex_leporina,LC,1.481384,0.08950578572000994,1.500119710777506,0.13426939338721475
Carex_echinata,DD,0.617505,0.44406851144098314,0.6738698728526626,0.2992443913426065
Carex_cuprina,LC,0.617505,0.06087488060228853,1.028674023045299,0.06262040833155838
Carex_nigra,LC,5.6907245,0.023321540867828665,5.6907472482561365,0.132716994518689
Carex_panicea,CR,3.6864033333333333,0.8105183235251258,3.686462361587986,2.9879452930527703
Carex_flacca,LC,0.4962805,0.059384471460627676,0.5570136578569272,0.033077961668184525
Carex_hispida,LC,0.4962805,0.04792768616121196,0.5715315035084342,0.027392182531397843
Carex_humilis,LC,1.7265997499999999,0.01023270817782894,1.7368532096333749,0.017772712041903876
Carex_capillaris,DD,3.917706111111111,0.1507865507866023,3.9177061277100904,0.5907373939929406
Carex_pendula,LC,2.4065950000000003,0.01891184459282721,2.4087609573315776,0.045554112886324494
Carex_halleriana,LC,1.202829,0.07966307977219281,1.2897584903376864,0.10274613350263408
Carex_distans,LC,1.202829,0.07178745429270797,1.2992953114405859,0.09327310278277082
Carex_binervis,DD,0.633919,0.9159065758761982,0.8692293888980553,0.7961329132365781
Carex_camposii,NT,0.633919,0.14174618066263203,2.154399704003418,0.30537792966318944
Carex_extensa,DD,1.7123895,0.5818480843401407,1.8421631370830684,1.0718590923538074
Carex_caryophyllea,LC,3.0209575,0.055560075402953914,3.02981539056631,0.16833677155689444
Carex_riparia,DD,0.30109,0.17198291022262285,0.5152719784089882,0.08861797440294628
Carex_hirta,DD,0.30109,0.07769510299671482,0.7751950406429641,0.06022885852529763
Nardus_stricta,LC,6.003322,0.06747983442764224,6.017377309050832,0.40605162450340154
Lygeum_spartum,LC,6.003322,0.005762786115348431,6.167903837429889,0.03554431059514527
Glyceria_declinata,LC,7.139245593023259,0.09229953918331499,7.139245593023259,0.6589490783525591
Briza_maxima,LC,5.809345094117653,0.0054147143903611515,5.809345094117653,0.03145594447969281
Brachypodium_distachyon,LC,3.347493,0.020192023147396324,3.3503696909376592,0.06765074235174828
Brachypodium_retusum,LC,1.778801,0.02799069806134102,1.8608874813212366,0.052087539615792114
Brachypodium_phoenicoides,LC,1.778801,0.05100509495534206,1.8238486156468758,0.09302557182523807
Stipa_capillata,DD,0.887434,0.1315707861357927,0.93058856161326,0.12243826862043318
Stipa_lagascae,LC,0.887434,0.06630909912762584,0.9730614579431978,0.06452282867202762
Stipa_barbata,LC,1.5245521666666668,0.026173848925382246,1.524562286455294,0.039903662963016194
Stipa_parviflora,LC,0.49522049999999995,0.07832713206900292,0.4985684371258441,0.03905143582019237
Stipa_capensis,LC,0.256322,0.057904534889978786,0.2742562631324587,0.015880681357348658
Piptatherum_miliaceum,LC,0.256322,0.05611390525254449,0.2748285566298725,0.015421703587422224
Bromus_erectus,LC,1.8789365624999999,0.02998620476132327,1.878936562524372,0.0563421764973927
Bromus_fasciculatus,LC,0.312051,0.007358204653065344,0.34028288580710375,0.002503871113704334
Bromus_rubens,LC,0.312051,0.057761805173153415,0.3156474248847124,0.018232365059598337
Bromus_diandrus,LC,0.721778,0.08596394186247754,0.7219750597463235,0.062063822062191694
Bromus_tectorum,LC,0.460113,0.04631545873527111,0.47455854481271464,0.02197939669974359
Bromus_sterilis,LC,0.460113,0.05380846310181864,0.4725469554804936,0.025427025417848872
Bromus_hordeaceus,LC,0.30209375,0.030332156405840083,0.30607978339291386,0.009284059862539518
Bromus_scoparius,LC,0.2220355,0.06433118653765162,0.23138778300118854,0.014885450630783113
Bromus_squarrosus,LC,0.2220355,0.09334288640332004,0.2284810202263915,0.02132707791630673
Hordeum_marinum,LC,1.690353,0.022452442642406055,1.7884539614821127,0.04015515998876102
Hordeum_bulbosum,LC,1.690353,0.06949945549901368,1.7220454239913403,0.11968121931196629
Elymus_caninus,NT,1.7075284999999998,0.10844638118533559,1.7075337703753999,0.1851758581489639
Secale_montanum,DD,0.582354375,0.12318973847715572,0.5823935283530594,0.07174490644860136
Aegilops_triuncialis,LC,0.12277925,0.08194837960496885,0.12351030452299361,0.010121469320175581
Aegilops_geniculata,LC,0.0211385,0.06785263434686269,0.0309803788918815,0.0021021003208780984
Aegilops_neglecta,LC,0.0211385,0.0881433350511611,0.02871476664964891,0.0025310152977159107
Aegilops_ventricosa,LC,0.21199316666666665,0.06258578169901867,0.21225175253832348,0.013283941849597646
Lamarckia_aurea,LC,1.7138214999999999,0.07372461303050483,1.7138215233660552,0.1263508286135127
Echinaria_capitata,LC,1.6093360000000003,0.06391650951320692,1.6093361152983947,0.1028631471234173
Cynosurus_cristatus,NT,0.869273,0.13146043817030748,0.8782226625139499,0.11545153602517792
Cynosurus_echinatus,LC,0.869273,0.01383438485451707,0.9543166479780368,0.01320238378120085
Hainardia_cylindrica,LC,0.351799,0.08227875302359595,0.3707338696875743,0.030503520501505937
Parapholis_incurva,LC,0.351799,0.06013219486525765,0.37770754150674,0.02271238348796068
Cutandia_memphitica,NT,0.5785659999999999,0.0939690839452437,0.5832056600161702,0.05480330162340075
Lolium_multiflorum,LC,0.294414,0.029306245010765827,0.29921675037808815,0.00876891939790541
Lolium_perenne,LC,0.294414,0.0699720262825845,0.2964255264168194,0.020741494725266634
Lolium_temulentum,LC,0.1559665,0.09145078762983101,0.17260369940505715,0.01578474425841507
Lolium_rigidum,LC,0.1559665,0.08397839979760996,0.1740840753909797,0.014619302081580967
Micropyrum_tenellum,LC,1.5493416875000001,0.04943837714244229,1.5493416875379236,0.07659693867100785
Vulpia_myuros,LC,0.20714421428571428,0.08704851469648461,0.2071442157860074,0.018031596312140043
Vulpia_muralis,LC,0.065617,0.08151842586278742,0.06914315154364165,0.005636440873029827
Vulpia_bromoides,LC,0.065617,0.07574664902256789,0.06941183880673935,0.005257714192105143
Festuca_ampla,LC,0.110236,0.027036626849513846,0.11067744783367474,0.0029923448577355983
Vulpia_geniculata,LC,0.035964,0.08914034888197925,0.03788180943470609,0.0033767977092903543
Vulpia_fasciculata,LC,0.035964,0.05724392794873113,0.03895041634536265,0.002229674826847019
Vulpia_membranacea,LC,0.056934,0.05382585550251328,0.05724541674021629,0.003081283529640037
Vulpia_unilateralis,LC,0.056934,0.02402776389324328,0.05763162099105106,0.0013847589819578582
Deschampsia_flexuosa,NT,1.843607,0.10604785234982766,1.8837318925727464,0.19976572161021605
Aira_cupaniana,LC,1.843607,0.06453936798706751,1.909538210915483,0.1232403892796409
Mibora_minima,LC,0.464777,0.031264548325782265,0.6996062945852127,0.02187287480608085
Sesleria_argentea,NT,0.464777,0.14094276159106597,0.5168678753737243,0.07284878573287962
Phalaris_coerulescens,LC,0.878758,0.05676571003394526,0.8787621937531045,0.04988355987938235
Phalaris_canariensis,LC,0.73261,0.01927608271085896,0.7326782525938437,0.014123166597446543
Phalaris_paradoxa,LC,0.560335,0.0075237531590233876,0.569268291850535,0.0042830341091423104
Phalaris_brachystachys,LC,0.560335,0.050839800579221724,0.5616570327777685,0.028554531540339146
Lagurus_ovatus,LC,1.2064152,0.08900937453909082,1.206415203623625,0.10738226270898876
Rostraria_cristata,LC,0.488788,0.06568194298764564,0.48885759966912457,0.03210911699054474
Trisetum_flavescens,LC,0.362168,0.06730384058217534,0.3642439411524385,0.024515016148346978
Rostraria_pumila,LC,0.362168,0.01585862190896914,0.3709782745108438,0.005883204191909235
Koeleria_vallesiana,LC,0.308034,0.07812654702081177,0.3189546545510926,0.024918825816292713
Gaudinia_fragilis,LC,0.308034,0.04480976459719759,0.32707433727812396,0.014656124059217143
Corynephorus_canescens,LC,0.835096,0.03461691952148563,0.8474691923665597,0.02933677282909162
Anthoxanthum_odoratum,LC,0.835096,0.0575365854947683,0.8425403382535448,0.04847689420471608
Briza_minor,LC,0.442587,0.029886078073790935,0.46666523498391455,0.013946793647053262
Briza_media,LC,0.442587,0.06590484054491207,0.45350583395299265,0.02988822967285935
Triplachne_nitens,LC,0.148429,0.05443463037313379,0.15714756647235908,0.008554269694960339
Gastridium_ventricosum,LC,0.148429,0.04982382649110609,0.15795440133366073,0.007869892685554849
Polypogon_monspeliensis,LC,0.074509,0.027923595330814083,0.07873025699023269,0.0021984318364862542
Polypogon_viridis,LC,0.074509,0.03413513955071073,0.0779621182099759,0.0026612477847665333
Agrostis_castellana,LC,0.137684,0.09221301054003629,0.14312234569889823,0.01319774237244722
Agrostis_stolonifera,LC,0.137684,0.09134756361276958,0.14317386978326765,0.01307858417771343
Sclerochloa_dura,NT,0.946123,0.1425951096351068,1.3117114108824328,0.18704363244440114
Puccinellia_fasciculata,VU,0.946123,0.30457640370441896,1.1172824164782917,0.34029786033314097
Alopecurus_myosuroides,NT,1.2572025,0.11975916606238941,1.2591309074965276,0.15079246744516372
Ventenata_dubia,DD,0.267265,0.16281825606584713,0.2919970708070625,0.0475424538451416
Apera_interrupta,LC,0.267265,0.023550630234697285,0.4382511943214673,0.010321091827379343
Phleum_phleoides,NT,1.4461652222222223,0.1364337358544094,1.446165222223694,0.19730572393070075
Milium_effusum,NT,0.85523325,0.10547215218340288,0.8552332500281518,0.09020329149927546
Poa_supina,LC,0.2860235,0.07261931918122325,0.2865486032536262,0.020808964480608788
Poa_infirma,LC,0.228877,0.05651580927634319,0.2305492474470809,0.013029677297523677
Poa_annua,LC,0.228877,0.01745552651519997,0.23429124045271738,0.0040896769600015
Poa_bulbosa,LC,0.7647303750000001,0.0915455973153095,0.7647307379031395,0.0700077321867203
Poa_trivialis,LC,0.47717249999999994,0.05333379048832725,0.4773410609659748,0.025458408137035145
Poa_compressa,LC,0.221502,0.03552683376933862,0.23344431168588792,0.008293537255662214
Poa_nemoralis,LC,0.221502,0.04572003284461174,0.2307817947789789,0.010551351237233362
Poa_pratensis,LC,0.5649448333333333,0.07818114973775761,0.5649625655807315,0.044169422935894875
Imperata_cylindrica,LC,1.0854216666666667,0.011932481590593097,1.086027726089427,0.01295900584843577
Hyparrhenia_hirta,LC,0.095385,0.01376192149549673,0.14514812852993142,0.0019975171500471855
Andropogon_distachyos,LC,0.095385,0.07420446891862731,0.10461404345491943,0.007762829536002496
Heteropogon_contortus,NT,0.710801,0.12846069303100932,0.7112398569191049,0.09136636493110412
Panicum_repens,LC,0.908475125,0.0882714476325827,0.9085698237255975,0.08020077361553897
Brachiaria_eruciformis,LC,0.8802581666666667,0.06522276125660123,0.8803948711707792,0.05742178449390793
Setaria_viridis,LC,0.1552115,0.03649947962288876,0.16146842642669468,0.005893513540101056
Setaria_parviflora,LC,0.036474,0.0900290780738413,0.04994783392385185,0.004496757439949718
Setaria_pumila,LC,0.036474,0.09211208255107538,0.0496431392995247,0.004572732945252353
Danthonia_decumbens,NT,1.9919455,0.094894157901774,2.1495703544007,0.20398166863147232
Schismus_barbatus,LC,1.9919455,0.042837299790287116,2.341119651871628,0.10028724437215755
Crypsis_aculeata,LC,1.101214,0.007309746364373814,1.2342235868325824,0.009021861376673877
Crypsis_schoenoides,LC,1.101214,0.07217985301712569,1.1146840515882963,0.08045773100417739
Eragrostis_papposa,LC,0.23774525,0.08806853752899091,0.23778019853404395,0.02094095433824636
Eragrostis_minor,LC,0.0883565,0.07539562116718604,0.09809457448680393,0.007395901376563383
Eragrostis_cilianensis,LC,0.0883565,0.07163949992694237,0.09860515019512492,0.0070640236501997924
Eragrostis_barrelieri,LC,0.1650125,0.07785972792871275,0.16729350684944805,0.013025426927538268
Eragrostis_pilosa,LC,0.1650125,0.03815928381357958,0.1696666379961213,0.006474357392989858
Aeluropus_littoralis,NT,1.37338475,0.09822794620914659,1.3840153048343753,0.13594898091590663
Cynodon_dactylon,LC,1.3201075,0.07036311068710868,1.3426754490649968,0.09447482123942373
Tragus_racemosus,NT,1.3201075,0.14504383830073012,1.331055576916918,0.1930614098676225
Aristolochia_pistolochia,LC,7.370861,0.07375042654884363,20.36699931713592,1.502074887158781
Aristolochia_baetica,LC,7.370861,0.08916572244405896,18.120179438796622,1.6156988904762837
Laurus_nobilis,VU,147.0652155,0.1805041500926636,147.2859265657019,26.58572099535249
Buxus_balearica,VU,28.804414,0.23251458980917086,44.73254901573823,10.400970285513004
Buxus_sempervirens,NT,28.804414,0.14846188068806349,53.75037159157209,7.9798812541670525
Hypecoum_imberbe,LC,96.006261,0.038855954808495116,96.04952769351105,3.7320961074363654
Fumaria_muralis,LC,16.382058,0.08941862213457033,18.67037313831303,1.6694790407662445
Fumaria_capreolata,LC,16.382058,0.028502816357582072,23.56092706720355,0.6715527774108876
Chelidonium_majus,LC,36.6282505,0.08070844478427129,40.188743952902044,3.2435710222720116
Glaucium_flavum,LC,36.6282505,0.0646918165687343,41.07026348541347,2.6569099518279544
Papaver_argemone,LC,43.588935,0.08926076272968457,44.48229638354212,3.970523703162859
Papaver_hybridum,LC,43.588935,0.056927515347501866,44.98970083355952,2.5611518846819767
Papaver_dubium,LC,5.516128,0.03357242775788849,9.325995312014062,0.3130963038829988
Papaver_rhoeas,LC,5.516128,0.07074447281133184,7.324134901695999,0.5181420624195592
Thalictrum_alpinum,VU,81.88617283333335,0.2937748790481251,81.88617283333335,24.056100519826373
Adonis_annua,LC,27.170486,0.047550190654961265,40.361709616970124,1.919206987447113
Adonis_vernalis,VU,27.170486,0.31427616582256696,29.166326811909627,9.16628136157489
Nigella_damascena,LC,35.2001159,0.07996324307799971,35.20012466846622,2.8147161252404587
Delphinium_staphisagria,LC,20.798813875,0.06691974209423802,20.799185506123592,1.3918761298400044
Delphinium_gracile,LC,12.9705625,0.02531814225204467,12.979298729763878,0.32861173157194457
Consolida_orientalis,LC,8.015488,0.07237255106864253,8.086360585505648,0.5852305444339656
Consolida_pubescens,NT,3.267734,0.15930348762072807,3.7078258946608122,0.5906695965099137
Consolida_mauritanica,LC,3.267734,0.08591305374430627,4.083770337175685,0.3508491804571784
Helleborus_foetidus,LC,39.36372583333334,0.02876195878860554,39.36372583333335,1.1321778601843009
Anemone_coronaria,LC,23.681199,0.08138662075765976,23.83506354097387,1.9398552771439634
Hepatica_nobilis,VU,20.389261,0.2759983133727917,20.642544669800653,5.697307512587491
Clematis_vitalba,LC,20.389261,0.06315792132649138,21.49610340712224,1.35764920781315
Myosurus_minimus,VU,16.182697,0.3233311406846597,16.501924223656943,5.335585982726816
Ceratocephala_falcata,LC,16.182697,0.08989153813021412,17.330926349608866,1.5579036267877981
Ranunculus_gramineus,LC,3.9634715,0.09269276530739004,4.900782265078087,0.4542670603195025
Ranunculus_acetosellifolius,NT,3.9634715,0.14733859524312298,4.553146775674439,0.6708542498636267
Ranunculus_penicillatus,LC,9.060984346153848,0.014995919973971235,9.060984346153859,0.13587779614032935
Ranunculus_lateriflorus,NT,1.791105,0.12637176768247538,2.14633824825188,0.27123655847609773
Ranunculus_ophioglossifolius,LC,1.791105,0.060104825679053446,2.5379910114641744,0.15254550731905875
Ranunculus_arvensis,LC,5.6506355,0.06363050032736565,5.65081717119036,0.35956432386131165
Ranunculus_repens,LC,2.36467,0.07058216918208751,2.3726767539971716,0.1674686720650346
Ranunculus_trilobus,LC,1.122858,0.02590121162659955,1.259110448517199,0.03261248618830665
Ranunculus_muricatus,LC,1.122858,0.09215051967961015,1.1611551633362063,0.10700105173009401
Ranunculus_parviflorus,LC,2.024714,0.09084291297133718,2.301234500543667,0.2090508454595269
Ranunculus_granatensis,LC,2.024714,0.059434477990498565,2.4473630854297515,0.14545774743573323
Ranunculus_bullatus,LC,1.9123640000000002,0.04495675720877801,1.914197339066111,0.08605610502208406
Ranunculus_gregarius,LC,1.484853,0.07228097240107721,1.4888893264499905,0.10761836831339021
Ranunculus_pseudomillefoliatus,LC,0.291594,0.08395440327522954,0.3913518650936237,0.03285571230458331
Ranunculus_paludosus,LC,0.291594,0.08068891097067729,0.3953890808257851,0.0319035143415297
Ranunculus_aduncus,CR,2.1906535,0.7724615510281461,2.190752268713902,1.6922718954091704
Paeonia_broteri,LC,7.705571,0.014995919973971235,19.74181712048641,0.29604670967958946
Paeonia_coriacea,NT,7.705571,0.11989967130823156,9.210951136913224,1.1043900137520772
Myriophyllum_alterniflorum,NT,5.853531,0.10845598333240693,7.825453888729696,0.8487172965245868
Myriophyllum_verticillatum,NT,5.853531,0.15861268455569175,7.201889969851287,1.1423111019928225
Myriophyllum_spicatum,NT,8.194349,0.12392019060864391,9.595241993514362,1.189044216772364
Crassula_tillaea,LC,70.268059,0.02592793392827941,70.27022434461604,1.8219617339325758
Umbilicus_rupestris,LC,18.026696,0.07279511585195671,18.10762375527589,1.3181465690689518
Sedum_sediforme,LC,12.461818000000001,0.0352041416195377,12.8717019649492,0.4531372188585533
Sempervivum_tectorum,EN,11.873008,0.6579983983351204,11.93393901800779,7.852512759678126
Sedum_acre,LC,11.873008,0.06623777001275429,12.478289733523555,0.8265340855216462
Ribes_alpinum,VU,76.1545105,0.3337363660628721,77.02229850440769,25.70514200867081
Saxifraga_latepetiolata,DD,11.310646,0.5019776722983226,16.363283400443095,8.214002912512205
Saxifraga_granulata,LC,11.310646,0.06902263787672352,48.05672292872879,3.3170017842516835
Erodium_ciconium,LC,31.259027299999996,0.022932002715328068,31.259027415914222,0.7168321015802595
Erodium_botrys,LC,3.782537,0.0021571362109748856,4.502063008069335,0.009711563138796881
Erodium_brachycarpum,LC,3.782537,0.05469153129374248,3.810916450529705,0.20842485631198338
Erodium_cheilanthifolium,LC,15.027379500000002,0.0349354292257243,15.03429285837431,0.525229474112548
Erodium_cicutarium,LC,8.70595,0.039482509940761225,9.291246789123845,0.36684174371364797
Erodium_moschatum,LC,8.70595,0.09162162153821395,8.958171974539486,0.8207622423254914
Geranium_purpureum,LC,7.015507,0.035437052929135134,7.976799288639751,0.2826742585966143
Geranium_robertianum,LC,7.015507,0.03477549016078843,7.995086742956641,0.27803306036433867
Geranium_rotundifolium,LC,24.818395099999996,0.018694133130559853,24.818399193159173,0.4639584586042968
Geranium_divaricatum,NT,15.979044499999997,0.13511363275599447,15.979072265155061,2.1589905018156577
Geranium_molle,LC,1.348091,0.06300993154482275,1.4123761272412148,0.0889937230930108
Geranium_dissectum,LC,1.348091,0.007837952680964575,1.8648843045394037,0.014616874934453376
Geranium_sylvaticum,NT,5.754647,0.14567191547915453,5.915081386078249,0.861661235725111
Geranium_columbinum,LC,5.754647,0.04277031090893192,6.301072401921971,0.26949882568989314
Ludwigia_palustris,LC,62.52400668749999,0.0024976088843456923,62.52400673950267,0.1561605147174718
Epilobium_angustifolium,EN,25.348607214285714,0.5371718994223424,25.348607354687676,13.616559560428739
Epilobium_parviflorum,LC,19.794398666666666,0.05787789464152689,19.794400331562855,1.1456582168823999
Epilobium_montanum,LC,18.736990199999997,0.09210706862260598,18.73699199401672,1.7258094073741168
Epilobium_hirsutum,LC,13.52373225,0.04306604238150067,13.523821699506758,0.5824174784708165
Epilobium_alsinifolium,LC,7.7062545,0.0525245365791744,7.859986331469043,0.4128421395790565
Epilobium_obscurum,LC,7.7062545,0.08634618130825279,7.799769848137433,0.6734803414699181
Epilobium_palustre,LC,7.3701445,0.04366642847807272,7.545978072949782,0.3295059118195667
Epilobium_anagallidifolium,LC,7.3701445,0.0829230543552413,7.462736653014083,0.6188329171167384
Lythrum_salicaria,LC,7.3626760000000004,0.09045265486550495,7.578956383536402,0.6855367260007338
Lythrum_portula,LC,6.419623,0.029800189032817965,7.162447384210373,0.21344228598708168
Lythrum_junceum,LC,6.419623,0.09156167473634354,6.661386894461283,0.6099277401236056
Myrtus_communis,LC,86.49288949999999,0.07924429527512683,86.49331095045831,6.854101472281479
Reseda_luteola,LC,12.942661,0.004806697356815751,17.08648976525722,0.08212958519192126
Reseda_phyteuma,LC,12.942661,0.06436888221824259,13.252098263576,0.8530227522727007
Aethionema_saxatile,LC,60.74636197916664,0.03909131439345143,60.74636197916664,2.374655134386008
Thlaspi_arvense,LC,9.014676,0.08603818547109997,9.068965075724485,0.7802772992161113
Alliaria_petiolata,LC,9.014676,0.024918732318189887,9.202122676925384,0.2293052317454486
Lepidium_heterophyllum,LC,2.228875,0.08029127543086265,2.6047085981922002,0.20913537547458608
Lepidium_campestre,LC,2.228875,0.06365864477033695,2.702905810072842,0.17206332081110687
Lepidium_latifolium,LC,7.083671,0.08975762790305457,7.170809291708011,0.64363483216889394
Lepidium_graminifolium,LC,7.083671,0.08362853993125408,7.177195607384811,0.600218389446602
Barbarea_verna,LC,7.767478125,0.08158975753336355,7.76760800380402,0.633757253644584
Cardamine_flexuosa,LC,6.1118195,0.05501401796644457,6.1134159008464035,0.33632357220551196
Cardamine_hirsuta,LC,4.18658225,0.09242010084457893,4.205194791117332,0.38864452666616184
Cardamine_resedifolia,LC,2.3075225,0.046841695757540484,2.7122645555143357,0.12704707112336328
Rorippa_pyrenaica,VU,2.3075225,0.19585270859381604,2.4043238379074743,0.4708933359908579
Descurainia_sophia,LC,9.574575,0.02854177858546012,9.575821085573201,0.2733109651984107
Camelina_microcarpa,LC,5.782621,0.01741115916281736,6.0623461121852324,0.1055524730593441
Arabidopsis_thaliana,LC,5.782621,0.07322937674190287,5.849128987187432,0.4283280702147332
Matthiola_parviflora,LC,9.530996499999999,0.07928267878729521,9.541922396991561,0.7565091684139799
Neotorularia_torulosa,VU,5.404576,0.17145095183774875,5.727297775830496,0.9819506551243599
Malcolmia_africana,LC,5.404576,0.07698425343153724,6.123306820636111,0.4713982041189109
Arabis_turrita,LC,5.911356166666668,0.028772512971681534,5.91189782348341,0.17010015681343224
Erophila_verna,LC,2.8338945,0.03414841625029911,2.8482203201020577,0.09726221306340524
Arabis_planisiliqua,LC,0.511462,0.09301716564396736,0.6292455353875757,0.05853063619587306
Arabis_hirsuta,LC,0.511462,0.04845103026022327,0.7375849650316159,0.035736751460232544
Alyssum_simplex,LC,0.573771,0.009647232353608308,0.6555528287386164,0.006324270458906627
Alyssum_alyssoides,LC,0.573771,0.020195592935317763,0.6128373600059347,0.012376613858234643
Alyssum_linifolium,LC,4.5234885,0.02328902856883469,4.5243231682482845,0.10536709151997498
Sisymbrium_orientale,LC,6.8694915,0.03830233790557934,6.8694915,0.26311758467250507
Thlaspi_perfoliatum,LC,6.15566652272727,0.01463697364514271,6.15566652272727,0.09010032866144632
Calepina_irregularis,LC,3.0280804999999997,0.0807187433861325,3.0281872383441715,0.2444314686170644
Carrichtera_annua,LC,0.961732,0.05360758160421584,0.9710993526313869,0.05205828779198825
Hirschfeldia_incana,LC,0.241702,0.06833661453728432,0.2959958929851699,0.020227357243546813
Brassica_barrelieri,LC,0.241702,0.06519943128672265,0.298608337424015,0.019469093777519555
Sisymbrium_erysimoides,LC,0.560749,0.04734700856418398,0.5733368933226689,0.02714578679831104
Sisymbrium_irio,LC,0.560749,0.023784507950445507,0.5858072897991915,0.013933138141657805
Sisymbrium_officinale,LC,1.0548335,0.03399963164022734,1.0559981607463835,0.035903548478134616
Crambe_hispanica,LC,1.4927797000000003,0.05879667673821431,1.4927797109053111,0.08777048610346459
Sinapis_alba,LC,1.094619625,0.06858292504966895,1.0946199385750044,0.07507223720516276
Diplotaxis_catholica,LC,0.7429605,0.010385254904349732,0.7429884435878468,0.00771612437764586
Brassica_tournefortii,LC,0.659145,0.04854885300919444,0.6592779958797674,0.03200719051416313
Sinapis_arvensis,LC,0.274947,0.03499238449835129,0.2917703872276319,0.010209741575102139
Brassica_nigra,LC,0.274947,0.043308052494994635,0.2885400941365231,0.012496109543775237
Moricandia_arvensis,LC,1.570201,0.062033860757108324,1.5702147116019483,0.09740648077827826
Eruca_vesicaria,LC,1.295891,0.035811994150315524,1.296718437330873,0.04643807309229952
Diplotaxis_viminea,LC,1.295891,0.0029298456845850617,1.3060049049776217,0.0038263928348956085
Malcolmia_littorea,LC,0.8288815,0.08040235259691385,0.832339077278744,0.0669220199715555
Notoceras_bicorne,LC,0.8288815,0.0021761477563864433,0.9566289595559073,0.0020817659640318853
Arabis_alpina,LC,1.6123718333333334,0.05032446888114908,1.6125163655637766,0.08114902965915789
Arabis_parvula,LC,1.22301575,0.07792494239268186,1.2240056478363244,0.0953805695959628
Draba_muralis,LC,1.1974225,0.04003804172971103,1.2008210302970532,0.04807852252094801
Conringia_orientalis,LC,1.1974225,0.057512011591996655,1.199788449200637,0.06900224719837073
Thymelaea_passerina,LC,4.095563,0.023870076928773343,4.20928274442342,0.1004759029243452
Thymelaea_hirsuta,LC,4.095563,0.05115140881532523,4.1486309234565715,0.21220831638962734
Daphne_laureola,LC,3.704768,0.021834861303631395,3.7095764288430955,0.08099808681900925
Daphne_oleoides,LC,2.55933,0.0626442393918627,2.5935419303401486,0.16247046155706196
Daphne_gnidium,LC,2.55933,0.028404799055097216,2.6347813471518955,0.07484043471996793
Fumana_thymifolia,LC,17.7593035,0.010180752361271252,17.86826810047112,0.18191241265569916
Fumana_ericoides,LC,15.091763,0.082228837752817,15.290182058034842,1.2572938996611807
Fumana_procumbens,LC,15.091763,0.06932533954206739,15.32711371934719,1.0625573627936233
Helianthemum_syriacum,LC,24.256342500000002,0.006532131570990242,24.256356330543692,0.15844571098393348
Helianthemum_ledifolium,LC,11.747305,0.03170825284273811,12.142326002055112,0.3850119429721169
Helianthemum_aegyptiacum,LC,11.747305,0.0627347470338112,11.946961911099118,0.7494896333153808
Helianthemum_almeriense,LC,9.322865,0.07741107016743073,9.42441741528496,0.7295542378217802
Helianthemum_nummularium,NT,4.188186,0.12505822999237406,4.728773174670793,0.5913720032597488
Helianthemum_squamatum,LC,4.188186,0.09303915759037637,4.914814195824296,0.4572701724927156
Tuberaria_guttata,LC,19.0132545,0.09167385468801037,19.01325672743727,1.74301853437692
Cistus_crispus,LC,6.45408,0.06810664334803786,6.756481713646926,0.46016129035889086
Cistus_albidus,LC,6.45408,0.06956879715893456,6.750126022071285,0.46959814802672306
Cistus_salviifolius,LC,7.298735,0.02627649990571621,7.3036297495543145,0.19191382642555005
Cistus_monspeliensis,LC,5.774179,0.07507583800465681,5.803920173213795,0.43573417071615855
Cistus_laurifolius,LC,5.774179,0.01838437794287975,5.895632307215764,0.10838753254810674
Althaea_cannabina,LC,2.511507,0.0037944854591867097,2.6968664258027926,0.01023322043807753
Althaea_officinalis,LC,2.511507,0.07675352310133397,2.5206706659466858,0.19347035418959385
Malva_aegyptia,LC,2.3646671875,0.041311876205327114,2.364667188716099,0.09768883816703837
Althaea_hirsuta,LC,2.107516214285714,0.03230305803996594,2.1075162195879646,0.06807921876151964
Lavatera_trimestris,LC,1.1760995,0.09183785437809842,1.1776971607929925,0.1081571803544068
Lavatera_olbia,LC,0.53117,0.07090808704924016,0.5920185366828453,0.04197890193387097
Lavatera_triloba,LC,0.53117,0.09114065683975933,0.5785105995253245,0.05272583602950104
Malva_nicaeensis,LC,0.44772116666666667,0.0917816371284873,0.4479822358893215,0.04111654301440211
Malva_sylvestris,LC,0.4100275,0.07246557288043573,0.41049729687736297,0.029746921784088408
Malva_neglecta,LC,0.348147,0.04713160756185185,0.35371572801119483,0.016671190881078362
Malva_parviflora,LC,0.348147,0.07831882536692288,0.35149821347916915,0.027528927198260427
Peganum_harmala,LC,73.83406062499999,0.05495754096629481,73.83406068644696,4.057738414883306
Rhus_coriaria,LC,11.4735765,0.05833803277900161,11.765753554885913,0.6863909165545892
Pistacia_lentiscus,LC,3.498866,0.05932256749937059,4.4466799928228,0.2637884740223313
Pistacia_terebinthus,LC,3.498866,0.08282256691201398,4.1777481170661215,0.34601182296724925
Acer_monspessulanum,NT,68.6625505,0.15486090959585497,68.66266877352744,10.633163341547368
Cneorum_tricoccon,EN,44.907215666666666,0.4702138572034795,44.909875970432395,21.117246006586875
Ruta_montana,LC,10.382489,0.008383019294517678,12.308869577617642,0.10318549116287036
Ruta_chalepensis,LC,10.382489,0.0858848528311288,10.570518495521236,0.9078474253365664
Dictamnus_albus,NT,28.571073499999997,0.15326643091679532,28.590996784657325,4.382040033537999
Tribulus_terrestris,LC,72.823659,0.07149403090470419,76.022592375849,5.435161568774677
Fagonia_cretica,LC,72.823659,0.07829787579742718,75.74461489191646,5.930642449131228
Parnassia_palustris,NT,58.194014,0.13807125785168442,111.48555328185311,15.392950573916444
Euonymus_latifolius,CR,58.194014,0.9999,65.55277973807172,65.54622446009792
Flueggea_tinctoria,LC,104.29500845161289,0.05866875653179776,104.29500845161289,6.118858458329466
Linum_viscosum,NT,10.046378749999999,0.13981954145229095,10.111870367416401,1.41383707799717
Linum_bienne,LC,8.5995185,0.08712779674988638,8.843578520223566,0.7705215118516998
Linum_austriacum,NT,8.5995185,0.09604344160909682,8.820922600900085,0.8471917647579098
Radiola_linoides,LC,11.356017166666668,0.051219926457147666,11.35625289902432,0.5816664383167957
Linum_catharticum,LC,5.66002325,0.022443090061837208,5.669603444140072,0.12724342071173805
Linum_suffruticosum,LC,4.2043545,0.03478869471289223,4.276959561082856,0.14878984046989704
Linum_trigynum,LC,4.2043545,0.04563169274915775,4.259707154097387,0.19437764805716115
Hypericum_androsaemum,DD,42.806317375,0.5771858399594153,42.81095218321657,24.709875395332222
Hypericum_undulatum,LC,4.066864499999999,0.08962667780856697,4.687106203693859,0.420089757573005
Hypericum_tetrapterum,LC,4.066864499999999,0.09325399639152895,4.662980543188214,0.4348415707482434
Hypericum_montanum,NT,9.476082,0.16844931192511475,9.541878722672823,1.60732290530713
Hypericum_humifusum,LC,9.476082,0.056458795558371154,9.672391760977915,0.5460915889935256
Viola_arvensis,LC,10.6141815,0.07662593750056222,10.633488578042517,0.8148010311940281
Viola_odorata,LC,2.440739,0.08980485954216876,2.477579662507126,0.2224986935959863
Viola_suavis,LC,2.112849,0.045170132583539954,2.2041819162078777,0.09956318939335099
Viola_alba,LC,2.112849,0.055165655750739576,2.1876332090918296,0.12068222052164555
Viola_biflora,EX,14.523972875000002,0.9999,14.52538539683528,14.523932858295597
Populus_tremula,DD,10.8387005,0.23589920397898215,12.678947545265173,2.990953633219324
Populus_alba,LC,10.8387005,0.08055067933183116,16.228013373630606,1.3071775014519864
Salix_fragilis,LC,23.2156515,0.05790238672261508,26.53830818469909,1.5366313834743877
Salix_alba,DD,23.2156515,0.4294157339213864,23.663678288741625,10.161555779639562
Salix_caprea,EN,8.1715215,0.42602445874747935,9.678343970258819,4.123211251501444
Salix_purpurea,LC,8.1715215,0.06618035543793858,17.871427507947377,1.1827374246593103
Chrozophora_tinctoria,LC,70.87463535714286,0.053460481529435604,70.87463535930888,3.788992134531816
Euphorbia_lagascae,LC,23.674947833333334,0.08922728345688194,23.67494787320107,2.112451284709016
Euphorbia_serrata,LC,19.1287218,0.07265744248358412,19.12872190009037,1.3898440112402919
Euphorbia_peplus,LC,6.56342025,0.07029808387172748,6.563497689072241,0.46140131103828985
Euphorbia_paralias,LC,1.6342995,0.023347660734792657,1.646426160925428,0.03844019943017403
Euphorbia_segetalis,LC,1.6342995,0.0024129044906035495,1.7516390657537748,0.0042265377676738896
Euphorbia_terracina,LC,4.326839,0.07225409119005687,4.467450972616593,0.3227916099625476
Euphorbia_medicaginea,LC,4.326839,0.039304351375301055,4.585329216384478,0.18022339069220938
Coriaria_myrtifolia,LC,103.0747936875,0.08261017774928184,103.07479368955929,8.515027028165047
Quercus_rotundifolia,LC,0.241306,0.030809908442831824,0.30896236562837953,0.009519102197291103
Quercus_coccifera,LC,0.241306,0.05042294494355929,0.28264603741587063,0.014251845583135645
Quercus_suber,LC,1.523996,0.04358868156551552,1.5261019081295897,0.0665207701099863
Quercus_lusitanica,NT,0.1591405,0.12983685917594978,0.19347808883822376,0.02512058737412036
Quercus_pyrenaica,NT,0.060191,0.09608474944180301,0.12007253716667336,0.01153713964850139
Quercus_canariensis,NT,0.060191,0.13625165842259587,0.10241949513511414,0.013954826066964292
Alnus_glutinosa,LC,27.279621499999998,0.06475564608752858,30.661792279838547,1.9855241692825412
Corylus_avellana,NT,27.279621499999998,0.09656233599389702,29.54773827423222,2.8531986310961424
Rhamnus_alpina,EN,20.730472,0.3750696121425655,20.804042482297884,7.802964144832924
Rhamnus_pumila,LC,20.730472,0.0071275506431334595,24.601935514214897,0.1753515412966703
Rhamnus_cathartica,EN,6.771099,0.6310520259690032,8.822422438438391,5.56740755373094
Rhamnus_saxatilis,LC,6.771099,0.09276381002080039,20.7258062447109,1.9226047530122803
Ziziphus_lotus,LC,66.444945,0.08736033006624107,66.44699174855944,5.804831131062949
Urtica_dioica,LC,6.417567,0.03735250910069441,9.108387598353103,0.3402211306601364
Urtica_urens,LC,6.417567,0.05387088453205048,8.283303970190689,0.4462289117220179
Forsskaolea_tenacissima,VU,26.838165,0.20652903682998908,27.933051989027415,5.7689863230158425
Parietaria_judaica,LC,26.838165,0.037207237961320944,32.91563722507054,1.2246999468817132
Ulmus_glabra,EN,2.494874,0.4476142316233875,5.739968171436181,2.5692914426001066
Ulmus_minor,LC,2.494874,0.04720787418465532,33.264112377717154,1.5703280319915074
Humulus_lupulus,NT,12.2636675,0.11293436650055584,17.311399151509864,1.9550518964140262
Celtis_australis,NT,12.2636675,0.09446775017214848,18.29813296878958,1.7285834539123677
Ficus_carica,LC,65.48217375,0.036949852290216724,65.54421637515757,2.421849113540077
Filipendula_vulgaris,LC,73.49313469444445,0.08861699224503351,73.49313469444445,6.512740547280787
Geum_rivale,LC,4.869684,0.06573600690255978,8.113213303803308,0.533330245740754
Geum_urbanum,LC,4.869684,0.062181087640259806,8.298647255467726,0.5160189122878401
Rubus_caesius,LC,2.53684875,0.061703959426512994,2.8131001315294735,0.173579416378613
Rubus_ulmifolius,LC,1.9865855,0.05844581966351333,2.3259531288981634,0.13594223711736664
Rubus_canescens,LC,1.9865855,0.08671530867319077,2.2153181141335447,0.1921019940764012
Sanguisorba_officinalis,NT,55.96398862499999,0.16263025500111933,55.96398862499999,9.10143774096349
Rosa_canina,LC,2.711791,0.013918043802137408,3.4417436334616762,0.04790233864624717
Rosa_agrestis,LC,2.711791,0.0714296180006872,2.854022094192712,0.20386170795370673
Rosa_sempervirens,LC,10.9088685,0.0488814572831042,10.949994557705828,0.535251691222721
Sibbaldia_procumbens,EN,38.28837225,0.6408838918521855,38.33601228571303,24.568932751760965
Aphanes_arvensis,LC,25.796485500000003,0.08074927982752597,27.107543929100515,2.18891465016789
Aphanes_microcarpa,LC,25.796485500000003,0.07468472438110177,27.21400460901425,2.0324704335302624
Potentilla_caulescens,LC,29.916973700000007,0.09197734355137524,29.91697395206087,2.751683791206247
Potentilla_reptans,LC,12.9367605,0.02582669984381425,13.543657178534563,0.3497879687375323
Potentilla_erecta,LC,12.9367605,0.045611037963425013,13.280408420603978,0.6057332126419572
Potentilla_neumanniana,LC,23.44461425,0.003864291747544825,23.454143269725858,0.09063365228293563
Potentilla_hirta,LC,13.057263500000001,0.05206510772826081,13.735946968417782,0.7151635586603493
Potentilla_recta,LC,13.057263500000001,0.06526940673622744,13.598646203834946,0.8875755701401583
Prunus_mahaleb,LC,16.476534,0.011836807603549094,16.48902640617997,0.19517743313979286
Prunus_prostrata,LC,5.899827,0.07627837976449459,6.07705980234645,0.4635482754549269
Prunus_ramburii,VU,0.436919,0.21741493622626892,0.9155390647499985,0.1990518673752788
Prunus_spinosa,LC,0.436919,0.07623033036528579,1.8019813099177946,0.1373656305671039
Crataegus_monogyna,LC,7.37545,0.07353327631017531,7.978739675437526,0.5867028691609061
Sorbus_torminalis,EN,4.694765,0.3717219210168973,5.04489047568501,1.875296378941481
Sorbus_aria,NT,2.663264,0.10408733501684402,5.593919186553331,0.5822561404279281
Malus_sylvestris,DD,2.663264,0.8271073923174381,3.0320723204853692,2.507849430314537
Polygala_rupestris,LC,5.650654,0.05273146427614208,11.232295992727948,0.5922954148795877
Polygala_monspeliaca,LC,5.650654,0.08406322925059755,9.15192510230727,0.7693403779595545
Ceratonia_siliqua,LC,57.58228814583334,0.02810245405525764,57.58228814583334,1.6182036070148882
Anagyris_foetida,LC,30.77681992105263,0.012829539040707686,30.77681992105263,0.39485241272597477
Lupinus_cosentinii,LC,3.5741519999999998,0.06490699544619187,3.5746750886210252,0.2320214196987404
Lupinus_angustifolius,LC,1.327645,0.09266474298333774,1.3418567653364106,0.12434281228035143
Lupinus_luteus,LC,0.820209,0.07534761224488822,0.8791928265817658,0.06624508018577013
Lupinus_hispanicus,LC,0.820209,0.08179509000111734,0.8745434410274737,0.07153335946872907
Lupinus_micranthus,LC,4.4810435,0.034042160711971754,4.481053345952584,0.15254473816183664
Adenocarpus_decorticans,LC,0.710132,0.007351002453632286,0.7170230890954628,0.0052708384872517475
Adenocarpus_telonensis,LC,0.485657,0.057339839907209034,0.5049430773742133,0.028953355218890853
Adenocarpus_complicatus,LC,0.485657,0.0819807798132685,0.49914626652801186,0.04092040017084797
Calicotome_villosa,LC,0.061251,0.07231049702243016,0.0947100970363155,0.006848534189738563
Calicotome_spinosa,LC,0.061251,0.052306818986419604,0.10750584752276472,0.005623288906354881
Cytisus_villosus,LC,0.6001515000000001,0.0639563786464983,0.6061109257269756,0.038764659867574054
Spartium_junceum,LC,3.046618,0.039657353265289796,3.095192636236413,0.12274714779935103
Genista_spartioides,LC,3.046618,0.08915794152995907,3.0682239441918933,0.2735565310170812
Retama_sphaerocarpa,LC,0.891648,0.03630205409693342,0.9198603583243924,0.03339282048951665
Retama_monosperma,LC,0.891648,0.07507361705852585,0.9052901634952762,0.06796340706109462
Genista_scorpius,LC,0.4058725,0.08579058861649737,0.40628832328672,0.03485571440277748
Genista_cinerea,LC,0.2238,0.05392302374816157,0.22940685276042191,0.012370311169391236
Genista_ramosissima,LC,0.2238,0.027161076915504255,0.23493131322050392,0.006380987468242528
Genista_florida,LC,0.6586498333333333,0.050620092284625245,0.6587271222335145,0.033344827717846116
Bituminaria_bituminosa,LC,41.735589565656575,0.05647620747391945,41.735589565656575,2.3570678153563684
Hippocrepis_ciliata,LC,13.774522394736838,0.07934471599150002,13.774522394736838,1.0929355673289511
Scorpiurus_muricatus,LC,7.851445416666666,0.04818849416236307,7.851445416666665,0.3783493316271539
Coronilla_scorpioides,LC,5.055551,0.0801975769796916,5.190893931372509,0.41629711565466077
Coronilla_juncea,LC,5.055551,0.07508546165763592,5.200108613654894,0.3904525559261269
Ornithopus_pinnatus,LC,1.140195,0.04089385671991107,1.3338803299906357,0.05454751109614475
Ornithopus_compressus,LC,1.140195,0.04897237534938375,1.3019298571899611,0.06375859764487636
Anthyllis_cytisoides,LC,3.257823,0.026652346082763095,3.3836674756611984,0.09018267659031164
Anthyllis_montana,LC,3.257823,0.08698732219814004,3.296380923536102,0.2867433494834373
Tripodion_tetraphyllum,LC,3.1352980454545456,0.06709316128169295,3.135298045454569,0.21035705742986008
Dorycnium_rectum,LC,1.4458369000000002,0.0453180973309164,1.4458369404238085,0.06552257919076053
Dorycnium_pentaphyllum,LC,0.218067,0.07025073419008793,0.26280452837611623,0.018462211066901962
Dorycnium_hirsutum,LC,0.218067,0.06421883507580144,0.2670066017626661,0.01714685292274685
Lotus_pedunculatus,LC,0.46055150000000006,0.08928578433210196,0.4622522509803759,0.041272554788062514
Lotus_parviflorus,LC,0.173992,0.08269642964726635,0.18874164176813416,0.015608259899988056
Lotus_conimbricensis,LC,0.173992,0.04506349581087444,0.2010592013090149,0.009060430475926553
Lotus_edulis,LC,0.35456699999999997,0.012818842259776687,0.35496649954666804,0.00455025956519383
Lotus_ornithopodioides,LC,0.086139,0.050856295385862796,0.10682041702014972,0.00543249068121778
Lotus_cytisoides,LC,0.086139,0.07667128291199324,0.09985704687528478,0.00765616789173113
Lotus_creticus,LC,0.23659449999999999,0.06258989944370737,0.2517522644721284,0.01575714891803614
Lotus_arenarius,LC,0.23659449999999999,0.0701752434719643,0.2501138396868076,0.01755179959572957
Glycyrrhiza_glabra,LC,29.69235248076924,0.06985618626817491,29.69235248076924,2.0741945056369215
Astragalus_epiglottis,LC,9.526804250000001,0.07353664878521808,9.527216185889873,0.7005995505626286
Astragalus_glycyphyllos,DD,2.448911333333333,0.22577847469878437,2.449802277069746,0.553112621430416
Astragalus_depressus,LC,2.1643265,0.017208580114310063,2.1777839729934274,0.037476569970917854
Astragalus_boeticus,LC,0.495223,0.07694850193396513,0.6330049842285752,0.04870878525312208
Astragalus_hamosus,LC,0.495223,0.080745374357118,0.6265260915305112,0.050589083805133106
Vicia_parviflora,LC,8.246287,0.018400064243208676,8.439872904428524,0.15529420364600105
Vicia_hirsuta,LC,8.246287,0.04119552531638924,8.332752533591519,0.34327211795277596
Vicia_disperma,LC,4.28695025,0.036460437844474884,4.299281912142351,0.1567537009335413
Vicia_benghalensis,LC,3.4273625,0.06375485341267528,3.4591143406894314,0.22053532772833762
Vicia_tenuifolia,LC,3.4273625,0.02873418024197571,3.4978128811032736,0.10050678577832581
Vicia_bithynica,LC,2.757631,0.028706395345151303,2.899018006805747,0.0832203570160783
Vicia_peregrina,LC,2.757631,0.08629539914918784,2.8046637659880993,0.24202957916520737
Vicia_pannonica,LC,2.544396,0.01170363901955614,2.5647845242574023,0.030017312234852662
Vicia_lathyroides,LC,2.544396,0.011002678945164806,2.5660834389627594,0.028233792225411652
Vicia_narbonensis,LC,3.596173,0.07457365820308,3.602152906738336,0.2686257196623358
Vicia_hybrida,LC,3.596173,0.00427840322410675,3.700404297947402,0.01583182167883664
Lathyrus_ochrus,LC,6.714383,0.06073679222653598,6.789457054662067,0.4123698424599989
Lathyrus_clymenum,LC,6.714383,0.023776410563870583,6.906159519309538,0.1642036841506867
Lathyrus_nissolia,DD,7.432613125000001,0.2077679198102033,7.432613125036711,1.5442585677428917
Lathyrus_sphaericus,LC,4.863356142857143,0.0032880478453061117,4.8633561569165895,0.015990947732705804
Lathyrus_tingitanus,LC,2.963782,0.0772957602208432,2.9637929094181437,0.22908862607062008
Lathyrus_setifolius,LC,1.525941,0.07591040560397896,1.5310555612235595,0.11622304865470805
Lathyrus_cicera,LC,1.525941,0.03565167715629409,1.53683104635784,0.05479060430851935
Lathyrus_hirsutus,LC,1.335618,0.05952553319940318,1.3656540020349206,0.08129128263702748
Lathyrus_latifolius,LC,1.335618,0.09099098960378621,1.3552672976292743,0.12331711258893673
Lathyrus_pratensis,LC,1.419814,0.05487409585983514,1.5876365066702076,0.08712011785759476
Lathyrus_aphaca,LC,1.419814,0.07349354914447787,1.545118988337888,0.11355627830347649
Ononis_mitissima,LC,3.206741,0.07475191108522315,3.752158358053945,0.2804810079589254
Ononis_serrata,LC,3.206741,0.08040057318300842,3.7138392486752,0.2985948043030394
Ononis_rotundifolia,VU,7.155548125,0.2809502704436411,7.155573852333212,2.010360408992463
Ononis_minutissima,LC,5.716880499999999,0.05017889438230297,5.717284190520322,0.2868869995497298
Ononis_natrix,LC,2.867821,0.04613965115368181,2.8794041267700714,0.13285470193964288
Ononis_biflora,LC,2.558584,0.08462708694281601,2.5791923176270455,0.2182695325060671
Ononis_pubescens,LC,2.558584,0.0462204233499757,2.5963167112381376,0.12000285754404333
Trigonella_gladiata,LC,2.0928841250000003,0.08343396622884469,2.092930706513332,0.17462150988654537
Melilotus_indicus,LC,0.691791,0.09167485907171441,0.6952777827235869,0.0637394927468789
Melilotus_sulcatus,LC,0.691791,0.0676252401431011,0.6965177900878742,0.047102182818634576
Melilotus_officinalis,LC,0.4558905,0.0275173975741836,0.469329413889424,0.012914724075253847
Melilotus_albus,LC,0.4558905,0.04530268344278936,0.464053458755578,0.021022866942535457
Medicago_laciniata,LC,4.1998825,0.03294266109988294,4.205299933648529,0.1385337705375437
Medicago_minima,LC,1.586219,0.06258125200377053,1.6772846449623404,0.10496657304844301
Medicago_lupulina,LC,1.586219,0.03375106145383861,1.7550730102381271,0.05923557702452055
Medicago_suffruticosa,LC,2.065369388888888,0.0706067399929832,2.0653693888891373,0.1458289994307619
Medicago_arabica,LC,0.414096,0.02587846469501388,0.44552344899660296,0.011529462845659406
Medicago_orbicularis,LC,0.414096,0.06411246396781095,0.4267814293062464,0.02736200900852758
Medicago_polymorpha,LC,0.502977,0.0040312863403147645,0.516009364350866,0.0020801815019821502
Medicago_murex,LC,0.502977,0.033831491595513644,0.5045299079538609,0.017068999340626317
Medicago_scutellata,LC,0.281563,0.07532729536559685,0.29295056180822543,0.022067173496845734
Medicago_rigidula,LC,0.281563,0.08457684983414675,0.2917051870583298,0.02467150580167405
Medicago_truncatula,LC,0.087685,0.07222758276530368,0.11481072501789484,0.008292501143574521
Medicago_littoralis,LC,0.087685,0.08255791270554308,0.11141652959652433,0.009198316124384412
Medicago_marina,LC,0.5270980000000001,0.00617406488229171,0.5271117179046775,0.003254421946559724
Trifolium_micranthum,LC,4.7099175,0.041014019775172106,4.746945090770013,0.19469129982449745
Trifolium_campestre,LC,0.82755,0.0909594341024076,1.1141721277234327,0.10134446623039883
Trifolium_dubium,LC,0.82755,0.06952618982134612,1.2025308037222115,0.08360738492560639
Trifolium_strictum,LC,10.088521863636368,0.046546738246067455,10.088521863636368,0.46958778647641064
Trifolium_hirtum,LC,2.507796,0.042287407298736965,2.54414885307339,0.10758545877852894
Trifolium_sylvaticum,LC,2.507796,0.07619767602818095,2.5279707347755993,0.19262549505715368
Trifolium_stellatum,LC,2.6741695,0.049387315310529055,2.6743225102653847,0.13207760905652213
Trifolium_pallidum,LC,2.10403,0.015502620046138898,2.1225213628082846,0.03290464222742977
Trifolium_cherleri,LC,2.10403,0.031578082030799155,2.1131079601963334,0.0667278965070145
Trifolium_arvense,LC,1.835926,0.044162932971459595,1.8383916273452203,0.0811887662137395
Trifolium_bocconei,LC,1.600178,0.08406774763832332,1.6103872235573138,0.13538162670999643
Trifolium_scabrum,LC,1.600178,0.037811419812823203,1.6228766035924633,0.0613632685628433
Trifolium_lappaceum,LC,1.623324,0.0749065649958028,1.6268905023400577,0.12186477915458979
Trifolium_squamosum,LC,1.623324,0.02488835218383602,1.634058115194526,0.040669013859816645
Trifolium_obscurum,LC,1.2525374999999999,0.06346148467800337,1.2997165365214551,0.08248194106820393
Trifolium_angustifolium,LC,1.2525374999999999,0.0923833699875298,1.2849464898834977,0.11870768698908489
Trifolium_ornithopodioides,LC,1.48808,0.04449627752441511,1.5046928785095028,0.06695323191116986
Trifolium_spumosum,LC,1.48808,0.012781082139945653,1.5459163588109581,0.019758483963448554
Trifolium_fragiferum,LC,1.414996,0.08294650394049555,1.4190907629056726,0.11770861755727621
Trifolium_resupinatum,LC,0.391098,0.03272464725198116,0.4947750387422976,0.016191338611927
Trifolium_tomentosum,LC,0.391098,0.09112052735790092,0.4283321405317546,0.03902985052959201
Trifolium_glomeratum,LC,1.4989996250000002,0.025486562071160596,1.4990015286980207,0.038204395505926726
Trifolium_cernuum,LC,1.4209701666666668,0.06233719940406788,1.4209719800674823,0.0885794136690598
Trifolium_nigrescens,LC,0.9326464999999999,0.015110405429439635,0.9330826721621798,0.014099257475555444
Trifolium_repens,LC,0.361096,0.04347416369389742,0.3727890423018236,0.01620669184832073
Trifolium_suffocatum,LC,0.361096,0.02019321308772913,0.3862700638253381,0.007800033708235784
Thesium_humifusum,LC,4.144114,0.07901916395164972,5.558557097449879,0.43923253461799816
Thesium_humile,LC,4.144114,0.05946709712096482,6.023608988469312,0.3582065407360212
Osyris_alba,LC,2.124157,0.09200409596358906,3.01387393202352,0.27728874646405144
Osyris_lanceolata,LC,2.124157,0.034298604139762094,4.510773133436902,0.15471322206802657
Drosera_rotundifolia,DD,75.8774485,0.26672270837612844,77.19036147087617,20.588422272044443
Drosophyllum_lusitanicum,NT,75.8774485,0.1339697520210655,78.49134975883919,10.515466662990406
Frankenia_laevis,LC,36.925508,0.09127783074432483,36.95043607692029,3.3727556501581244
Frankenia_hirsuta,LC,8.085048,0.07288781672877824,8.905507221733554,0.6491029782545263
Frankenia_pulverulenta,LC,8.085048,0.02736577877389485,10.270313103589816,0.28105511633147234
Myricaria_germanica,LC,29.939229666666666,0.06117890305079763,29.94037846350005,1.8317195113226588
Tamarix_parviflora,LC,11.7146475,0.0668813008851738,11.945326825570678,0.7989189975927306
Tamarix_gallica,LC,11.7146475,0.023993701834355754,12.357655131252233,0.2965058925910625
Tamarix_africana,LC,20.955014249999998,0.03673085802658534,20.97134492549668,0.7702954930849696
Plumbago_europaea,LC,36.79026825,0.018081744986096816,36.79046304019277,0.6652357706131858
Armeria_splendens,VU,30.117923666666666,0.1762431523631145,30.118274167523335,5.30813958302087
Limonium_lobatum,LC,6.5035,0.042242369377874706,6.704339848126354,0.28320720029935786
Limonium_sinuatum,LC,6.5035,0.018329460981324004,6.96635873103383,0.1276896005423904
Limonium_delicatulum,LC,16.5103785,0.06397590120804442,16.52188012076228,1.0570021703770405
Fallopia_convolvulus,LC,13.593295499999998,0.07479012850471732,13.593295608727521,1.016644325379341
Polygonum_maritimum,LC,2.217425,0.03528673887795301,2.2174328202026223,0.07824597290589286
Polygonum_rurivagum,LC,1.091059,0.026040445378549867,1.1667591428497073,0.030382927729301464
Polygonum_arenastrum,LC,1.091059,0.08310286290459327,1.114779788503873,0.09264139193284886
Polygonum_aviculare,LC,0.437122,0.048353589572879836,0.47836782140804973,0.023130801301237517
Polygonum_equisetiforme,LC,0.437122,0.08646416189309403,0.46018801343602944,0.03978977089499418
Polygonum_bellardii,LC,0.8274520000000001,0.07374182263765092,0.8323674104527355,0.06138028995096641
Emex_spinosa,LC,8.303917833333333,0.016157832926432938,8.30393672513541,0.13417362223640864
Rumex_crispus,LC,6.34992075,0.005597144146589437,6.353927116061777,0.035563845965521076
Rumex_conglomeratus,LC,1.2462865,0.04632070958161676,1.4696031402011764,0.06807306025749071
Rumex_obtusifolius,LC,1.2462865,0.04366154031977849,1.4832040516882812,0.0647589735052467
Rumex_scutatus,LC,5.1213445,0.038489731130408225,5.13634894607572,0.19769668992641012
Rumex_intermedius,LC,0.868804,0.04717377384955234,1.159903014148819,0.05471700247687049
Rumex_thyrsoides,LC,0.868804,0.06557413860138386,1.0782194700950078,0.07070331297472071
Mesembryanthemum_nodiflorum,LC,56.7190485,0.03181391222210267,56.750463465401644,1.8054542632519324
Glinus_lotoides,LC,56.7190485,0.00733790659756833,56.85524987275655,0.41719851314769624
Herniaria_glabra,LC,33.083044,0.06974564589536693,33.94591213926112,2.3675795676601434
Paronychia_argentea,LC,33.083044,0.0604143327293609,34.07918668628762,2.0588713236113865
Illecebrum_verticillatum,LC,28.2314035,0.09166381064382005,30.088570405204813,2.758033020165942
Pteranthus_dichotomus,DD,28.2314035,0.25439646225852147,28.900575523939818,7.352204170525505
Spergula_arvensis,LC,13.681479,0.08696338686985677,14.052553728210967,1.2220576663758584
Spergularia_marina,LC,13.681479,0.0587719571087454,14.230548943124893,0.8363572121192384
Arenaria_serpyllifolia,LC,14.708945857142854,0.06619311673859578,14.708945904707807,0.9736309733720142
Stellaria_media,LC,8.209424,0.06119600035164448,8.479919711173658,0.5189371696269001
Stellaria_graminea,NT,8.209424,0.11777922571117568,8.349968782292034,0.9834528578908441
Cerastium_glomeratum,LC,8.30179275,0.040495410298217856,8.301861460650379,0.33618728608799925
Holosteum_umbellatum,LC,7.569985666666668,0.07090042863080488,7.570341933554938,0.5367404879708013
Cerastium_alpinum,NT,1.108807,0.11273152586448636,1.3209105262746441,0.14890825915740233
Cerastium_pumilum,LC,1.108807,0.07947981252619973,1.409647595846862,0.11203852664591676
Cerastium_semidecandrum,LC,3.5818085,0.04834937145110998,3.6180645274645262,0.17493114577246707
Spergularia_media,LC,6.766453,0.08308083500412092,6.992586106032441,0.5809498925273896
Spergularia_rubra,LC,6.766453,0.014727576398701314,8.042109412341354,0.11844078077697222
Sagina_apetala,LC,0.527662,0.05805866349960115,1.399935641658339,0.08127839234013973
Sagina_procumbens,LC,0.527662,0.04478653757078358,1.6584268366559614,0.07427519582828798
Saponaria_officinalis,LC,3.896556,0.03517308680792977,4.122979650856027,0.145017921166887
Saponaria_ocymoides,LC,3.896556,0.05300271844773427,4.046812797390132,0.21449207931075706
Petrorhagia_saxifraga,NT,6.4206,0.12704512422693956,6.420697473650305,0.8157183081635
Petrorhagia_prolifera,LC,3.838515,0.04263522707474633,4.012329341101704,0.17106657255653845
Petrorhagia_dubia,LC,3.838515,0.08109857902090896,3.9298928513900715,0.31870872595216293
Velezia_rigida,LC,4.901356,0.06447015200114246,5.168344610130192,0.33320396260937885
Dianthus_charidemi,VU,4.901356,0.24907259757947103,4.970463547136635,1.2380062668593932
Agrostemma_githago,LC,9.950651277777776,0.00731236615953095,9.950651277785497,0.07276280566897207
Silene_laeta,LC,7.9300721875,0.08032581813477561,7.9300721875828675,0.6369895363354237
Silene_cretica,NT,3.9217717,0.12264255870188376,3.921771852990137,0.4809761346957383
Silene_gallica,LC,0.775167,0.0713686035181594,0.941210677538274,0.06717289167228725
Vaccaria_hispanica,LC,0.775167,0.06686822000024309,0.9523857952495686,0.06368434288185462
Silene_muscipula,LC,2.30097875,0.006684183126675709,2.3030601220061184,0.015394075607232997
Silene_rupestris,LC,1.3583935,0.03424820908266809,1.418359629248342,0.04857627713691281
Silene_saxifraga,LC,1.3583935,0.06318782337736564,1.3908955300210433,0.08788766108733706
Silene_conoidea,LC,5.430002,0.056410462993589816,5.489481287593056,0.3096641810277718
Silene_latifolia,LC,5.430002,0.08514419420560627,5.46940872858505,0.46568839897648356
Chenopodium_foliosum,LC,20.848224812499996,0.012507635920399766,20.84822481663217,0.2607620055930784
Chenopodium_urbicum,LC,14.782372,0.07288291965503575,19.265217764769485,1.4041053184864618
Krascheninnikovia_ceratoides,CR,14.782372,0.9999,15.109127563255937,15.107616650499612
Chenopodium_murale,LC,4.449523,0.09161659858150024,4.563560873926952,0.418097924688806
Chenopodium_album,LC,4.449523,0.02605123654998881,4.850569687308122,0.12636333832626914
Atriplex_patula,LC,1.312879,0.018718207620240093,1.3508037750540893,0.02528462551566654
Atriplex_prostrata,LC,1.312879,0.0757911966052654,1.322245309613906,0.10021455422133757
Atriplex_halimus,LC,1.1486595,0.062097986355737066,1.168803106982761,0.07258031938995858
Atriplex_rosea,LC,1.1486595,0.030462043275967507,1.1897229775953353,0.036241392829922024
Suaeda_vera,LC,20.3189952,0.07948697584802904,20.319032249965627,1.615098425708341
Halocnemum_strobilaceum,CR,8.365588,0.9081040055603965,8.934835322503641,8.113759745388073
Halopeplis_amplexicaulis,NT,8.365588,0.12878062038691562,12.379668473963992,1.5942613862614239
Arthrocnemum_macrostachyum,NT,11.80345225,0.1610349982172826,11.804209887807668,1.9008909182395373
Sarcocornia_fruticosa,LC,7.5372425,0.03159653152335756,7.594690051631125,0.23996586362649291
Salicornia_ramosissima,LC,7.5372425,0.01256060417735495,7.681753333270666,0.09648746300728983
Salsola_vermiculata,LC,18.450350166666666,0.09209068916118156,18.451141156938498,1.699178304952707
Salsola_genistoides,LC,14.48011125,0.07543364625643444,14.49653483070367,1.0935264803633813
Salsola_kali,LC,10.224356499999999,0.04277425253307111,10.640692433909601,0.4551476652947883
Anabasis_articulata,LC,10.224356499999999,0.09102321242883331,10.42000393871861,0.9484622320232637
Bassia_prostrata,LC,2.290473,0.06626208272504935,3.7648224689419316,0.24946497788215483
Bassia_hyssopifolia,LC,2.290473,0.07829101231145026,3.538297796134038,0.2770169163187073
Samolus_valerandi,LC,44.031946642857136,0.07065471520962115,44.031946700883616,3.111064654276149
Anagallis_arvensis,LC,2.661172,0.003496757228658829,2.870371821440142,0.010036993415559426
Anagallis_monelli,LC,2.661172,0.018157922532475015,2.7014586014295774,0.049052876009446564
Anagallis_tenella,LC,13.943384,0.039725191435633876,13.943765872212355,0.5539187686072942
Lysimachia_vulgaris,DD,12.065504,0.5471802111593407,12.654568053914987,6.924329219871449
Lysimachia_ephemerum,LC,12.065504,0.08208884846041384,15.992032382999735,1.312767522862096
Androsace_maxima,LC,23.9216,0.0909721910572582,25.42866966935042,2.313301795492053
Androsace_vandellii,NT,23.9216,0.13552847501273088,24.933206084137424,3.3791593977612884
Monotropa_hypopitys,EN,43.7468505,0.5438071077105581,44.362237440639255,24.124500034163063
Arbutus_unedo,LC,43.7468505,0.062135203578069016,49.132715083052545,3.052871254028732
Calluna_vulgaris,LC,22.630410916666673,0.09106616981867734,22.630415520639463,2.0608652628697848
Erica_erigena,NT,13.321084899999999,0.09976553820317126,13.321154924822507,1.3289921905627426
Erica_multiflora,NT,8.239814,0.14488365476754683,8.396443227626927,1.2165073818668064
Erica_ciliaris,VU,0.8433,0.21816666671419033,2.0484581334980967,0.4469052828888516
Erica_tetralix,DD,0.8433,0.14887300400014258,2.609404839588802,0.38846993712209515
Erica_australis,LC,7.6584325,0.06872773040499049,7.776661198212495,0.5344722742816986
Erica_arborea,LC,7.6584325,0.02186246465275902,8.030101029872542,0.17555779992367224
Rhododendron_ponticum,VU,24.49897042857143,0.22890532610135997,24.498971735808425,5.607945114333228
Vaccinium_uliginosum,NT,43.503841375000015,0.11981584093423994,43.50384154006663,5.212449357993004
Ilex_aquifolium,VU,100.98927799438206,0.22653576711856946,100.98927799438206,22.877683561207807
Sambucus_ebulus,LC,16.844978,0.02263117777204742,17.72524398042341,0.40114314757387565
Sambucus_nigra,LC,16.844978,0.015005206251395786,18.172614258768164,0.27268382507987227
Viburnum_tinus,LC,22.624158,0.042881608794773166,32.169357299560275,1.3794737948990243
Viburnum_lantana,VU,22.624158,0.18089542575676942,24.88686586295197,4.501920196030308
Lonicera_implexa,LC,6.94887,0.07886311894470893,9.118050123058106,0.7190778713985493
Lonicera_etrusca,LC,6.94887,0.0794608279705434,9.101733422473345,0.7232312737168995
Lonicera_xylosteum,EN,16.003564,0.3811704237994928,16.30350020398513,6.2144120821681295
Scabiosa_atropurpurea,LC,17.64390125,0.03873247837283677,17.709077551978073,0.6859164632848798
Cephalaria_leucantha,LC,10.9659575,0.04315397233660735,11.374129218439986,0.49083885764555657
Dipsacus_fullonum,LC,10.9659575,0.05236241869506107,11.302348207020684,0.5918182890533898
Fedia_cornucopiae,LC,8.0457365,0.09287651289529794,8.285803696206974,0.7695565538386744
Valerianella_locusta,LC,8.0457365,0.07707905774582899,8.33500578657819,0.6424543923354791
Valerianella_coronata,LC,6.3798,0.08946288384455345,6.823007516885692,0.6104059289536597
Valerianella_eriocarpa,LC,6.3798,0.09309646252775237,6.805709014430679,0.6335874342367322
Centranthus_ruber,LC,27.458366375,0.02378335121294101,27.459501049648356,0.6530789575959092
Hydrocotyle_vulgaris,DD,76.57879818292685,0.552638186829469,76.57879818292685,42.320368177392524
Eryngium_maritimum,LC,7.393360666666666,0.0797767871783704,7.414633629443011,0.5915156490616632
Eryngium_bourgatii,LC,4.7717735,0.07386969780837069,4.8110653126646294,0.3553919407828706
Eryngium_tricuspidatum,LC,2.849689,0.06677264446918443,3.072328672875681,0.20514751016640911
Eryngium_campestre,LC,2.849689,0.09321736772162102,3.009168291091539,0.2805067471269219
Bupleurum_fruticosum,LC,31.444491499999998,0.06868520523015363,31.444492826478086,2.159771443144741
Bupleurum_baldense,LC,20.299334625,0.08890338669252952,20.29937855701303,1.8046835014721712
Bupleurum_rotundifolium,LC,10.92726,0.055528029632897616,10.991226223986706,0.6103211354674152
Bupleurum_lancifolium,LC,10.92726,0.013065282026167224,11.199119296563554,0.1463196520542943
Bupleurum_praealtum,LC,15.6827005,0.07304592490856855,15.68409546981637,1.1456592599470268
Bupleurum_tenuissimum,LC,17.314995166666666,0.07264687483840199,17.315207081750355,1.2578956816689297
Physospermum_cornubiense,DD,33.069718783333336,0.3509657026308298,33.069718783333336,11.606337088596534
Oenanthe_crocata,LC,10.05123375,0.06158061613002639,10.0639190034784,0.6197423329168811
Oenanthe_pimpinelloides,NT,3.4912165,0.14969002995911707,3.5979666134040387,0.5385797301523535
Oenanthe_lachenalii,LC,3.4912165,0.015477330937188439,4.523657283132365,0.07001414081746235
Apium_nodiflorum,LC,8.397279,0.013156325586531292,9.037643088117623,0.11890217500213957
Berula_erecta,LC,8.397279,0.09001189001987604,8.490875950751033,0.7642797922514123
Smyrnium_olusatrum,LC,19.6901597,0.05913197300881185,19.69015970000004,1.1643179919195974
Anthriscus_sylvestris,LC,12.597438000000002,0.017308996295596124,12.601500521671053,0.21811932584855687
Myrrhoides_nodosa,LC,9.808832,0.08922998904108434,9.833730898872945,0.8774637003394054
Chaerophyllum_hirsutum,LC,6.702754,0.08512588833638138,7.044336317103804,0.5996553867336945
Chaerophyllum_aureum,NT,6.702754,0.10156956431580466,6.989035607874695,0.7098733016794777
Caucalis_platycarpos,LC,10.7908995,0.05980880451263482,10.930095785534757,0.6537159621414219
Torilis_nodosa,LC,10.7908995,0.04944951476549552,10.959256327562688,0.5419299075886613
Thapsia_villosa,LC,4.331661,0.058985300364146696,4.4431212317056925,0.2620788404064777
Distichoselinum_tenuifolium,LC,4.331661,0.029123056711816298,4.5574104915755225,0.13272572420518053
Orlaya_grandiflora,LC,6.6803185,0.008183343763518097,6.754589944230936,0.05527513149524428
Pseudorlaya_pumila,LC,6.6803185,0.04999065237442807,6.692476548176736,0.3345612686439155
Meum_athamanticum,NT,20.8788595,0.14401043897435178,20.8788595,3.0067737218788153
Crithmum_maritimum,LC,12.321304,0.06679049659568453,12.358850272842425,0.8254537470748569
Lagoecia_cuminoides,LC,12.321304,0.008260125880872703,12.624899156372807,0.10428325626496299
Ammoides_pusilla,LC,14.8405275,0.07238579021468868,14.88128953669776,1.0771939025274457
Carum_carvi,LC,14.8405275,0.020139059638608004,14.987038424048865,0.3018248606280298
Pimpinella_saxifraga,DD,18.650235500000004,0.07838706988855035,18.650235500071087,1.461937313581995
Ammi_visnaga,LC,12.66077125,0.015790329015029556,12.660817988533381,0.1999184816383468
Stoibrax_dichotomum,DD,11.867101333333332,0.3445423207139022,11.867143744232528,4.088733245883342
Ridolfia_segetum,LC,5.3646885,0.0484098158306726,5.563693286327915,0.269337367329484
Foeniculum_vulgare,LC,5.3646885,0.05451974017194691,5.541391195669005,0.3021152081789884
Ammi_majus,LC,8.953278749999999,0.01922394018195537,8.961729286603205,0.1722797477325376
Conium_maculatum,LC,7.41722225,0.0878477249288063,7.451530637126149,0.6546000137088307
Tordylium_maximum,LC,3.7540625,0.06331635185305719,4.052412610971129,0.25658398273001415
Heracleum_sphondylium,LC,3.7540625,0.06845162455506625,4.030030246922503,0.27586211740790006
Lobelia_urens,DD,15.873106,0.14323023148019332,16.566433132196092,2.3728140523255905
Solenopsis_laurentia,LC,15.873106,0.03476651021626509,18.72945842128749,0.6511579075488038
Campanula_erinus,LC,12.129831125,0.00259038809077707,12.130006824414831,0.031421425219008765
Campanula_lusitanica,LC,4.3068314999999995,0.058930407244913816,4.522301902865766,0.26650109282032824
Campanula_rapunculus,LC,4.3068314999999995,0.0808511405289787,4.463882575680918,0.3609099974312373
Legousia_falcata,LC,1.147462,0.028110831630914917,1.4677525625057317,0.04125974516044255
Legousia_hybrida,LC,1.147462,0.054832570375406536,1.3116642982677456,0.07192192494367439
Atractylis_cancellata,LC,21.76023575,0.05384458269320552,21.782593756101544,1.1728746707729119
Carlina_gummifera,LC,19.617791500000003,0.007506095249555922,20.112244145797167,0.15096442024067702
Carlina_lanata,NT,19.617791500000003,0.15592875072697604,19.641593452099567,3.0626891292730383
Calendula_arvensis,NT,29.064291464285724,0.09934512276675288,29.064291464285724,2.887395603648153
Dittrichia_viscosa,LC,0.4976065,0.032383399124667846,0.4994488383214329,0.016173851073714662
Pulicaria_dysenterica,LC,0.274698,0.013047694112671118,0.29583676377518814,0.0038599876010211986
Pulicaria_vulgaris,LC,0.274698,0.07431846747745265,0.2784092192032532,0.020690946502779955
Limbarda_crithmoides,LC,2.3820681666666665,0.01965363698643304,2.382092890163587,0.04681678893123825
Inula_salicina,NT,1.2676064999999999,0.16096820573427023,1.5241503860159027,0.2453397529061752
Inula_conyza,NT,1.2676064999999999,0.15609920412012876,1.532152429345658,0.23916777481157903
Xeranthemum_cylindraceum,LC,1.0213855,0.06608020924739808,1.149326682081972,0.07594774764559448
Xeranthemum_inapertum,LC,1.0213855,0.015399582985038128,1.5703860860256247,0.024183290850300833
Scolymus_hispanicus,LC,0.88224,0.06994963942543021,1.062501096744009,0.07432156860636757
Scolymus_maculatus,LC,0.88224,0.03312439061493433,1.262902058549421,0.04183286109579569
Cichorium_intybus,LC,3.99683,0.05236015909356491,4.011774461551656,0.21005714905434542
Arnoseris_minima,NT,3.633141,0.15937702541890642,3.654728990406802,0.5824798352032791
Tolpis_barbata,LC,3.633141,0.0458586432785927,3.7081678531693374,0.17005154679563755
Chondrilla_juncea,LC,2.9068335,0.09168925482460023,2.935319814402332,0.2691372864544337
Catananche_lutea,NT,0.93051,0.12611952231303972,1.093626890667088,0.13792770103962806
Catananche_caerulea,LC,0.93051,0.07205665383691029,1.2160106892032998,0.08762166129390488
Echinops_strigosus,LC,5.469269579999998,0.05812985875887145,5.469269579999998,0.31792786819959207
Staehelina_dubia,LC,3.391719083333333,0.05442797838417783,3.391719083333333,0.18460441295287008
Onopordum_acanthium,LC,0.314454,0.0897154485734894,0.33632548825496295,0.03017359204549184
Onopordum_nervosum,LC,0.314454,0.009222801928824525,0.5272104263991401,0.004862357337490389
Cynara_humilis,LC,1.7524364375,0.03425245370949154,1.752436437529464,0.06002524795530423
Picnomon_acarna,LC,0.952311,0.08017940029556825,0.9650738314126154,0.07737904104360983
Notobasis_syriaca,LC,0.952311,0.05853598848588489,0.969792829472884,0.05676778189971847
Silybum_marianum,LC,0.7810193000000001,0.08098164667229531,0.7810193802190287,0.06324823549311245
Tyrimnus_leucographus,LC,0.574705,0.08151877907282627,0.574711209845835,0.04684975614609932
Carduus_tenuiflorus,LC,0.140654,0.004471647331134755,0.17086585560125775,7.640518471814206e-4
Carduus_pycnocephalus,LC,0.140654,0.06934357762448498,0.1426022231534055,0.009888548330662304
Cirsium_arvense,LC,0.126088,0.08984533608641877,0.16814410830014762,0.015106963921177958
Cirsium_vulgare,LC,0.126088,0.09008097160001677,0.16803409713460157,0.015136674731816502
Rhaponticum_coniferum,LC,1.00765365,0.05575522037444903,1.0076536500001205,0.05618195131687465
Crupina_vulgaris,LC,0.8662036111111111,0.056802169611914345,0.8662036111116234,0.049202244436815125
Carthamus_arborescens,LC,0.22421449999999998,0.04532628509374194,0.22539965939593032,0.010216529221812267
Carthamus_lanatus,LC,0.22421449999999998,0.013869977505223209,0.22808753242858443,0.003163568944006335
Centaurea_clementei,VU,0.039586,0.217677623947333,0.05491099513324102,0.011952894949187472
Centaurea_ornata,LC,0.039586,0.09008973171217079,0.0766147319565597,0.006902200647166341
Centaurea_melitensis,LC,0.13228025,0.02107607193255117,0.13229633536337454,0.002788287080531395
Centaurea_diluta,LC,0.1146075,0.07165091675418671,0.11504023209916481,0.008242738093519575
Centaurea_involucrata,LC,0.1146075,0.024218109783838,0.1158877672004904,0.0028065826686653372
Centaurea_benedicta,LC,0.069394,0.07466504417614886,0.07532868391706535,0.005624419512398838
Centaurea_calcitrapa,LC,0.069394,0.08274479417825453,0.0747491820539257,0.0061851056840449585
Arctium_minus,LC,1.152768,0.06683491644410067,1.1827948594191189,0.07905199559978861
Crupina_crupinastrum,LC,1.152768,0.048759649721430154,1.1939258559694526,0.05821540653042917
Koelpinia_linearis,VU,9.870824,0.25845435153425916,9.895941676271633,2.5576491887616344
Scorzonera_hispanica,LC,3.017885,0.07280453987313266,3.466383951896165,0.25236848864141154
Geropogon_hybridus,LC,3.017885,0.05243470138357275,3.64061687344998,0.19089465861134597
Scorzonera_angustifolia,LC,14.382292499999998,0.08793995783487049,14.38286710606332,1.2648287268517542
Tragopogon_porrifolius,LC,10.848712,0.005859431581918655,11.024195518883669,0.06459551938859308
Tragopogon_dubius,LC,10.848712,0.04722113259694501,10.870486862569047,0.5133167015307217
Andryala_ragusina,LC,7.2125924999999995,0.09164070791125582,7.425292188878277,0.6804590326367236
Andryala_integrifolia,LC,7.2125924999999995,0.03579000289444747,7.757212463256088,0.27763065651277935
Pilosella_castellana,LC,8.116944499999999,0.062211253311630854,8.318463749610412,0.517502055490632
Pilosella_saussureoides,LC,8.116944499999999,0.03992846473101168,8.430925144363371,0.3366338972765124
Lactuca_muralis,NT,12.2784585,0.09521679719248793,12.285379967262521,1.1697745327754896
Lactuca_saligna,LC,4.356667,0.08321190883653466,4.4450233423284224,0.3698788771381013
Lactuca_serriola,LC,4.356667,0.01015380457570043,5.080760106987458,0.05158904522236546
Urospermum_dalechampii,LC,6.111837,0.046911039760788045,6.507115291987507,0.30525554419045786
Urospermum_picroides,LC,6.111837,0.037834574811163445,6.601942036584978,0.2497816698821391
Rhagadiolus_stellatus,LC,5.060177,0.029911392666301634,5.250584503539902,0.15705229481298044
Crepis_pulchra,LC,5.060177,0.07575033122286738,5.135362857448409,0.38900543740132765
Crepis_tingitana,VU,1.244183,0.2230932951345784,1.3226921492911496,0.2950837500340003
Crepis_capillaris,LC,1.244183,0.012412367002259533,2.655264771138955,0.03295812082754738
Hypochaeris_glabra,LC,7.196141,0.045618243555587,7.2108935545299095,0.3289482984239579
Hypochaeris_achyrophorus,LC,0.99074,0.05328495520298607,1.5605006575887606,0.08315120763384741
Hypochaeris_radicata,LC,0.99074,0.08978158230543183,1.3288903236683791,0.11930987596932453
Helminthotheca_echioides,LC,4.845996,0.06255612943581101,4.846909581449111,0.3032039031408032
Leontodon_tuberosus,NT,1.863015,0.14154736824399355,1.8746988914502558,0.26535869433471587
Leontodon_saxatilis,LC,1.863015,0.033771307316304316,1.9119862781960841,0.06457027618551688
Hedypnois_rhagadioloides,LC,2.100493,0.03516203141182399,2.115242498473085,0.07437622317493567
Hyoseris_radiata,LC,3.334104,0.0870430457677399,3.4904193798626846,0.30381673382999397
Hyoseris_scabra,LC,3.334104,0.02150374163043934,3.966838851330673,0.08530187774860357
Launaea_nudicaulis,LC,4.537257666666666,0.0376425051712972,4.5372963759455605,0.17079520229523878
Launaea_arborescens,LC,3.25809525,0.011574785360228162,3.259501792925558,0.03772803363439219
Reichardia_intermedia,LC,1.8177025,0.04047731163125958,1.8537314494336838,0.07503406555939374
Reichardia_tingitana,LC,1.8177025,0.024734044326099814,1.8766639458010508,0.04641748922063657
Reichardia_picroides,LC,5.853441666666666,0.011851384811999644,5.8534470262366,0.06937145318458492
Launaea_lanifera,LC,5.139335600000001,0.07224121639180316,5.13936265238541,0.37127380948692584
Sonchus_crassifolius,EN,0.307812,0.5753341743538292,0.44190641611604625,0.2542438630577851
Sonchus_maritimus,NT,0.307812,0.10659604793212098,1.031563974657746,0.10996064288766633
Sonchus_oleraceus,LC,0.9347525,0.015849395200041656,0.9668568504479729,0.015324096324617495
Sonchus_pustulatus,CR,0.801309,0.9999,0.8068501082314875,0.8067694232206644
Sonchus_tenerrimus,LC,0.801309,0.037710512726766475,0.9482323303935348,0.03575832736323683
Tussilago_farfara,EN,15.84898875,0.490501257330467,15.849091219383016,7.773999170652634
Senecio_flavus,VU,1.0155186666666667,0.19801176282055755,1.0166825212779789,0.20131509826710162
Senecio_vulgaris,LC,0.16532249999999998,0.01608232613499188,0.18828065065534094,0.0030279908287476655
Senecio_leucanthemifolius,LC,0.16532249999999998,0.04154969949055374,0.17420873674352716,0.007238320660322541
Senecio_sylvaticus,LC,0.30803025,0.09181075108720371,0.3110131347618466,0.028554349500470845
Bellis_perennis,LC,0.819638,0.018736260555379074,1.0838345644819942,0.020307006799060445
Bellis_sylvestris,LC,0.819638,0.039104545398474154,0.946223173655127,0.03700162705128521
Solidago_virgaurea,LC,6.4963345,0.06068611653080659,6.509367030928667,0.3950282061807276
Artemisia_absinthium,LC,4.636466444444444,0.04627344304396809,4.636466444446275,0.21454526594235393
Chamaemelum_nobile,LC,2.520951,0.0572383088812748,2.521724488784312,0.14433924520251123
Glebionis_segetum,LC,0.378637,0.046167378393509935,0.4920523414953167,0.022716766639226855
Glebionis_coronaria,LC,0.378637,0.052492944645513545,0.47838543327618416,0.025111860068186748
Matricaria_chamomilla,LC,2.7208148999999997,0.009034034837212431,2.7208149122645118,0.024579936703004682
Tanacetum_microphyllum,LC,1.5154595,0.007719802412891281,1.5717605176092486,0.012133680636327126
Anthemis_cotula,LC,1.5154595,0.08500149566941351,1.5205727362809058,0.12925095685800966
Anacyclus_clavatus,LC,1.522727,0.06693955210308893,1.5242564086569623,0.10203304128575993
Tanacetum_corymbosum,LC,1.117497,0.02217507905517266,1.1647601116073407,0.02582864755520451
Achillea_millefolium,NT,1.117497,0.10523976620068454,1.1274558138032125,0.1186531862462526
Nolletia_chrysocomoides,EX,18.040206750000003,0.9999,18.04020675000865,18.03840272933365
Phagnalon_rupestre,LC,2.0458755,0.08691790151121516,3.2536063845740117,0.2827966392906648
Phagnalon_saxatile,LC,2.0458755,0.09226179055791542,3.1836534841760367,0.2937295709660272
Ifloga_spicata,LC,10.268207857142857,0.06884975762422788,10.268207948015405,0.7069636284560309
Filago_pyramidata,LC,0.41508900000000004,0.05841802761511787,0.4169514361715611,0.024357480512433312
Filago_arvensis,LC,0.342961,0.0818733397669812,0.34929462754156443,0.028597917719491654
Bombycilaena_erecta,LC,0.342961,0.06938702713638853,0.35043437450628534,0.02431559945339096
Antennaria_dioica,VU,0.5003945000000001,0.3293853679109432,0.5085166919836603,0.16749795767789374
Filago_gallica,LC,0.5003945000000001,0.04678086538918083,0.557583078546475,0.026084218940767692
Helichrysum_stoechas,LC,0.8037305,0.06958815901689845,1.0341665103083297,0.071965743569287
Laphangium_luteoalbum,LC,0.8037305,0.05213622791298211,1.1113019981781942,0.05793909425717076
Cynoglossum_creticum,LC,8.0200785,0.04210466976790632,8.079283538869884,0.340175565365398
Myosotis_stricta,LC,8.0200785,0.004210137095997505,8.61217527817437,0.03625843861587455
Anchusa_azurea,LC,3.720085,0.08063278119159897,4.1003957196685885,0.3306263108630063
Borago_officinalis,LC,3.720085,0.026033629416437158,4.89800416575778,0.1275128253315035
Echium_plantagineum,LC,11.801591875,0.031343416645710866,11.801971378183428,0.36991410614715764
Alkanna_tinctoria,LC,6.950735750000001,0.08167693426548762,6.957682878233814,0.568282207085612
Neatostema_apulum,LC,5.746957500000001,0.053363797713909485,5.837403373204271,0.3115060127821656
Cerinthe_major,LC,5.746957500000001,0.06630192838995726,5.819753803198652,0.3858608999068584
Lithospermum_officinale,DD,8.136555833333334,0.20095994931248834,8.137674157030263,1.635346586118348
Heliotropium_europaeum,LC,7.8523715,0.07262762427989096,8.294631706590469,0.6024193951263234
Heliotropium_supinum,LC,7.8523715,0.00922473998168142,11.334345862636171,0.10455639344526527
Cicendia_filiformis,NT,11.161360125000002,0.15142042098987166,11.161457945428022,1.6900726609574592
Centaurium_maritimum,LC,4.461964,0.04015154748299937,4.547517651329649,0.18258987090714018
Centaurium_tenuiflorum,LC,4.461964,0.07197774058822393,4.509688636333867,0.3245971987997004
Centaurium_pulchellum,LC,3.5537775,0.03971253811393549,3.6828229169256033,0.1462542454552831
Schenkia_spicata,LC,3.5537775,0.06144340672497943,3.637183048475282,0.2234809173806673
Comastoma_tenellum,NT,20.195384100000002,0.15196405512604494,20.195418091754462,3.0689776281889003
Nerium_oleander,LC,11.8155885,0.011448987859339878,11.892546785732488,0.13615762376648274
Cynanchum_acutum,LC,0.968457,0.07630698094195862,1.2520463020226493,0.09553987330689206
Vincetoxicum_nigrum,LC,0.968457,0.025079680590647305,1.8313006628836312,0.04592843569056215
Theligonum_cynocrambe,LC,13.955967923076921,0.06539316511674102,13.955967923076921,0.9126249147577103
Galium_tricornutum,LC,3.49533925,0.05248888216534975,3.5115844172881703,0.18431914069271713
Galium_murale,LC,2.9933225,0.06721969436873919,3.025139499914685,0.20334895260706565
Galium_verum,LC,2.9933225,0.03811001979413649,3.0494423609066166,0.11621430873522946
Sherardia_arvensis,LC,9.421223,0.07762360640039369,9.421623783263072,0.7313404162046008
Callipeltis_cucullaris,LC,4.925035,0.058335893079449204,5.047684541865131,0.2944611857330328
Crucianella_angustifolia,LC,4.925035,0.027159951236029843,5.18846958787202,0.14091858099622792
Galium_palustre,LC,6.842976833333334,0.029865712482553576,6.842976885889895,0.20437038019874743
Asperula_arvensis,LC,5.8104788,0.026370002440381544,5.810479586352351,0.15322236087189864
Valantia_muralis,LC,2.500078,0.037653327233810846,2.5682322090584737,0.09670248778009162
Valantia_hispida,LC,2.500078,0.03222644084275381,2.57970928005857,0.08313484850531053
Cruciata_pedemontana,LC,1.616244,0.07719783243776003,1.7652491319771046,0.13627340670126986
Cruciata_glabra,LC,1.616244,0.05624658324322403,1.820751946038137,0.10241107589809621
Galium_scabrum,NT,4.211362,0.1336059723960849,4.21311771650521,0.5628976893328513
Cuscuta_planiflora,LC,13.865105,0.07899939831435299,13.935507211481077,1.100896684912332
Cuscuta_europaea,LC,13.865105,0.011353609351223893,14.354969691918916,0.16298071813070616
Cuscuta_epithymum,LC,19.289367,0.057518478942404326,19.301477163986007,1.110191607814027
Convolvulus_althaeoides,LC,10.42541,0.019112392453992485,10.450024213914265,0.19972496393005376
Convolvulus_arvensis,LC,8.888156,0.008215883724365087,9.22149351018408,0.07576271844465966
Calystegia_soldanella,DD,8.888156,0.1795917376248091,8.903405377620942,1.5989780425450144
Cuscuta_monogyna,NT,26.284477999999996,0.12643608267181272,26.28466152371482,3.323329637413022
Atropa_belladonna,EN,3.413843,0.47525630890515336,3.415894823073228,1.6234255652220042
Hyoscyamus_niger,NT,0.550676,0.10318732804309175,0.574169072815948,0.05924697246885706
Hyoscyamus_albus,LC,0.550676,0.004904660953442319,1.0449379753763113,0.005125066486597265
Lycium_intricatum,LC,2.6976635,0.08543855269044115,3.1098617271758457,0.2657020850372998
Lycium_europaeum,LC,2.6976635,0.087131896661334,3.1018509594828854,0.2702701572605225
Withania_somnifera,NT,2.925643,0.1500440196311082,3.0701683515826814,0.4606604004156789
Withania_frutescens,LC,2.925643,0.036143976492721844,3.5256092127500356,0.12742953650816086
Solanum_dulcamara,NT,3.4204565000000002,0.1098335917693503,3.708988490086934,0.40737152769742724
Solanum_villosum,LC,3.4204565000000002,0.08287579467346023,3.8028420317040466,0.31516355539510893
Olea_europaea,LC,15.941579749999999,0.04429230672158929,15.956587672619785,0.7067540754256061
Phillyrea_angustifolia,LC,6.0410375,0.044416675960789236,6.516246931810808,0.28943002845072774
Phillyrea_latifolia,LC,6.0410375,0.04648669947697031,6.495086154426585,0.30193511813785945
Ligustrum_vulgare,VU,15.7173765,0.21670013143457778,16.162522341508076,3.5024207157191003
Jasminum_fruticans,LC,15.7173765,0.06326070164349998,17.242227787707264,1.0907554277474139
Anarrhinum_bellidifolium,LC,7.511265000000001,0.08936894398467048,7.514067801082552,0.6715243044119626
Antirrhinum_charidemi,CR,2.058689,0.9999,2.090382123014801,2.0901730848024993
Misopates_orontium,LC,2.058689,0.022730949187127647,3.4528214421439145,0.07848590875359812
Linaria_spartea,DD,1.81142,0.13068057488992135,1.9235716274149819,0.25137344611253143
Linaria_micrantha,LC,1.81142,0.06527423103092869,2.035950245917193,0.13289508671947495
Callitriche_brutia,DD,2.534376,0.030516258315165724,2.7020778774569187,0.08245730649617004
Callitriche_stagnalis,LC,2.534376,0.05154958361762469,2.6336519485774756,0.1357636613429148
Callitriche_lusitanica,DD,4.9733195,0.08659440266842475,4.988111804742807,0.43194256217502147
Erinus_alpinus,LC,3.587402,0.08460491514808496,4.487845192353471,0.37969376169680646
Digitalis_thapsi,EN,3.587402,0.4219993059435351,3.7679281734125447,1.5900630740251858
Plantago_sempervirens,LC,0.913671,0.049747955052793356,0.9973132553356024,0.04961429499999057
Plantago_afra,LC,0.913671,0.06446974710385443,0.9782133837671768,0.0630651694650756
Plantago_bellardii,LC,0.882217,0.05775061970021751,0.8822373353655418,0.050949752840028666
Plantago_lanceolata,LC,0.27795,0.055133053714602004,0.3103654319506535,0.017111394030891035
Plantago_lagopus,LC,0.27795,0.0593861669694428,0.30804390641152163,0.018293546860074034
Plantago_albicans,LC,0.530702,0.06627523333762898,0.5512637884507431,0.03653513621015834
Plantago_ovata,LC,0.530702,0.07020028400174698,0.5501141341072929,0.03861816844770709
Plantago_coronopus,LC,2.930563,0.011059423901218264,2.9314683748540364,0.03242035141052619
Plantago_major,LC,0.991475,0.04304736685093358,1.0261215453570514,0.04417183059663187
Plantago_media,LC,0.991475,0.01774748896220422,1.0755118207174965,0.019087634166903934
Veronica_catenata,LC,4.899073166666667,0.03850149702168984,4.899073166666667,0.1886216509354573
Veronica_alpina,NT,0.265724,0.13694963621656123,0.8570618896992133,0.11737431400938578
Veronica_officinalis,NT,0.265724,0.14852832994455564,0.8109634765739756,0.12045105082156338
Veronica_triphyllos,LC,2.939462333333333,0.022231303032085637,2.939473192010255,0.06534831928627202
Veronica_praecox,LC,1.0614035,0.030168639582291892,1.0629442495234975,0.032067581959944136
Veronica_cymbalaria,LC,0.710121,0.025881877001350476,0.7229939429003812,0.018712440302869077
Veronica_hederifolia,LC,0.710121,0.03153303159407407,0.7206869338144858,0.02272544385340855
Veronica_arvensis,LC,1.996063,0.006424081915071134,2.025313453339121,0.013010779527946114
Veronica_verna,LC,1.996063,0.08065551989159528,1.9983927513741901,0.1611814063096808
Veronica_agrestis,LC,1.221269,0.06835735607212606,1.2248982782396665,0.08373080775776302
Veronica_persica,LC,0.431175,0.0353104025026316,0.5095867275011239,0.017993712458063534
Veronica_polita,LC,0.431175,0.09035103812364734,0.46181935911851124,0.04172585852195499
Veronica_fruticans,NT,2.7365690000000003,0.10408306192593138,2.736569072760376,0.28483048826470686
Pinguicula_lusitanica,VU,39.951201499999996,0.30642449562324603,41.634356578203246,12.757786715074305
Utricularia_australis,EX,39.951201499999996,0.7081172796061638,40.679555348646346,28.80589606907182
Bartsia_trixago,LC,3.54486,0.05287369773270793,3.5613818806855884,0.18830342907011272
Parentucellia_latifolia,LC,2.797858,0.029181197795817407,2.8684125341185855,0.0837037135181163
Parentucellia_viscosa,LC,2.797858,0.05437519161876671,2.8357220654720128,0.15419293068760562
Odontites_luteus,DD,11.405219,0.09448002539075011,11.412413625254727,1.078245129083809
Euphrasia_salisburgensis,LC,11.405219,0.002822414387872903,11.646058325247328,0.03287000257918506
Orobanche_cernua,LC,14.129918899999998,0.06740489245515396,14.13028040911073,0.9524500313372777
Orobanche_alba,NT,10.972333875,0.10260235216857332,10.973356389113368,1.1258921767070738
Orobanche_hederae,LC,2.5261868333333335,0.04358427918827695,2.576772560155945,0.11230677466652787
Orobanche_crenata,LC,2.39572875,0.07468880856848968,2.4352112781797532,0.18188302897979466
Orobanche_minor,LC,2.2886265,0.0842410918018352,2.4207310098974237,0.20392502323231812
Orobanche_purpurea,CR,2.2886265,0.9066008667934916,2.30090161306609,2.08599939681226
Pedicularis_verticillata,VU,27.466004916666666,0.2628164312814542,27.466010386481987,7.218518831314551
Verbena_officinalis,LC,41.0622413,0.07660179567314071,41.06224631058277,3.1454418017634374
Verbascum_pulverulentum,LC,8.118944749999999,0.08050836644702969,8.12511871711715,0.6541400351032873
Verbascum_virgatum,LC,7.293879999999999,0.0819328814318574,7.301832406657458,0.5982601688099595
Scrophularia_peregrina,NT,6.7510200000000005,0.10652382663022346,6.76878441889218,0.7210368179354284
Scrophularia_arguta,CR,6.150901,0.8546903824793541,6.168180619972186,5.271884653285768
Scrophularia_scorodonia,LC,6.150901,0.025104291327028818,6.739195838150856,0.16918273563083924
Teucrium_chamaedrys,LC,7.086163000000001,0.08803078840704358,7.130726993509841,0.6277235191540588
Teucrium_fruticans,LC,3.363945,0.08963849340556972,3.741942802615404,0.3354221152362599
Teucrium_scorodonia,LC,3.363945,0.08979406459504484,3.7412879089090425,0.3359454481612388
Ajuga_chamaepitys,LC,12.605087000000003,0.08618864250017769,12.60523218667553,1.0864278505691103
Scutellaria_minor,LC,4.504680499999999,0.08524052749245353,5.112338655469596,0.4357784437122891
Scutellaria_galericulata,NT,4.504680499999999,0.12449829998576586,4.920727158574791,0.6126221659363495
Stachys_germanica,LC,1.0916133000000001,0.07682475653427756,1.0916133300251871,0.08386292830875698
Sideritis_tragoriganum,LC,0.332447,0.05944252776549919,0.34406282041250025,0.020451963755446008
Sideritis_incana,LC,0.332447,0.059540772292268195,0.3440436538693816,0.020484624853636786
Sideritis_romana,LC,0.411316,0.05036497437528048,0.4113619607778591,0.020718234613542007
Prasium_majus,LC,0.368148,0.045926207315757916,0.3685635067211524,0.01692672401869838
Sideritis_montana,LC,0.368148,0.008457742656400195,0.37040423415040835,0.0031327836912851546
Stachys_arvensis,LC,1.102691,0.03480559437079958,1.1347879621215662,0.03949696950646951
Stachys_ocymastrum,LC,1.102691,0.07673159739417146,1.1172502413305214,0.08572839570631446
Phlomis_purpurea,LC,0.774386,0.03607190954891617,0.896539223690253,0.03233988178401032
Phlomis_lychnitis,LC,0.774386,0.07058370500668133,0.8368125903248664,0.05906533302136725
Moluccella_spinosa,LC,1.0780965,0.03313349655662316,1.0781059560165267,0.035721419981348514
Marrubium_alysson,LC,0.674274,0.04224583447053061,0.6746114899741229,0.028499525337364818
Ballota_nigra,LC,0.496413,0.04450986238404787,0.49999953819102966,0.022254910636970215
Marrubium_vulgare,LC,0.496413,0.018363862232004632,0.5051059600811123,0.009275696263493978
Lamium_amplexicaule,LC,0.581534,0.016921513625755235,0.589294502294613,0.009971754950160944
Lamium_purpureum,LC,0.233267,0.0794117428798993,0.2791089696702158,0.02216452973492479
Lamium_maculatum,NT,0.233267,0.126880574218355,0.2619584740966919,0.03323744161475234
Lavandula_multifida,LC,2.872728,0.07903353720529914,2.8790320258957163,0.22754008473387685
Lavandula_lanata,LC,2.725588,0.0250579275136236,2.7536952250728763,0.06900189534448756
Lavandula_latifolia,LC,2.725588,0.055893146833540144,2.7381889868541274,0.15304599910022026
Thymbra_capitata,LC,3.945494,0.0630993228293356,4.07254369738221,0.2569747494976961
Thymus_pulegioides,VU,3.945494,0.26425772416764143,3.9758308610917266,1.0506440150275738
Mentha_longifolia,LC,1.19112,0.08463713258858253,1.2177540988520599,0.10306721512483163
Mentha_suaveolens,LC,1.19112,0.05689413274017447,1.2307415505421955,0.07002197314539582
Mentha_pulegium,LC,1.404792,0.07239259835788639,1.418403537924716,0.10268191763038903
Mentha_aquatica,LC,1.404792,0.053171519650471816,1.4233239999220362,0.0756803000308427
Clinopodium_vulgare,LC,3.1482525,0.06846687241677321,3.1482766521227745,0.2155526558735959
Cleonia_lusitanica,LC,3.062881,0.08793417324096278,3.063229806324309,0.26936258046620265
Prunella_vulgaris,LC,1.660762,0.051729724323031565,1.6885779449034122,0.0873496715878047
Prunella_hyssopifolia,LC,1.660762,0.01941562522433841,1.734872987671641,0.03368364374046086
Nepeta_tuberosa,LC,0.744666,0.05648926459487228,0.8194392234242451,0.046289519111428847
Nepeta_cataria,LC,0.744666,0.028056646472963128,0.8952144415856343,0.025116715105059244
Lycopus_europaeus,LC,3.3792625000000003,0.013741299764049133,3.38096298301062,0.04645882584070268
Glechoma_hederacea,DD,3.3792625000000003,0.0054113953157290525,3.3835805816460915,0.018309892109911442
Rosmarinus_officinalis,LC,2.6358903333333337,0.04931950581276827,2.6358907733474926,0.1300008303179339
Salvia_candelabrum,VU,2.3127397999999997,0.23084110893343993,2.312740152229261,0.5338755014154952
Salvia_viridis,LC,2.0104207499999998,0.08203007135633571,2.0104246861522985,0.16491528046161186
Salvia_verbenaca,LC,0.4471960000000001,0.06434415852294871,0.4474376773914991,0.028790000843218602
Salvia_argentea,LC,0.08484,0.07590967008225151,0.08576752659149771,0.006510584647331325
Salvia_sclarea,LC,0.069891,0.08000357424020249,0.07114371942748099,0.0056917518389406115
Salvia_aethiopis,LC,0.069891,0.02492847531962982,0.073911383534636,0.0018424981002828674
