mean_age,richness,lambda_mean,fit,se.fit,residual.scale,predicted,conf.low,conf.high,corrected
0.0953879999999924,7.130268199233717,0.40793391277076535,2.7529418656122733,0.11844833460889412,0.6973993275670676,0.94007928048654,0.9255860120890604,0.9518964647690131,Not corrected
3.167495050505043,7.130268199233717,0.40793391277076535,2.7384301664825923,0.1151727219301359,0.6973993275670676,0.939256593696339,0.9250267748790997,0.9509288846911349,Not corrected
6.239602101010094,7.130268199233717,0.40793391277076535,2.723918467352911,0.11216181690803204,0.6973993275670676,0.9384233516053312,0.9244274398930845,0.9499675308597446,Not corrected
9.311709151515146,7.130268199233717,0.40793391277076535,2.70940676822323,0.10943747008024271,0.6973993275670676,0.9375794391955519,0.9237841734259432,0.94901553595417,Not corrected
12.383816202020196,7.130268199233717,0.40793391277076535,2.6948950690935485,0.10702156760744894,0.6973993275670676,0.9367247407602364,0.9230929793012234,0.9480761863182626,Not corrected
15.455923252525245,7.130268199233717,0.40793391277076535,2.6803833699638675,0.10493541537005578,0.6973993275670676,0.9358591399165023,0.9223497668295938,0.9471528542119849,Not corrected
18.5280303030303,7.130268199233717,0.40793391277076535,2.665871670834186,0.10319901285746458,0.6973993275670676,0.934982519618642,0.9215504373738722,0.9462489114786168,Not corrected
21.60013735353535,7.130268199233717,0.40793391277076535,2.6513599717045047,0.10183025336687898,0.6973993275670676,0.9340947621720421,0.9206909865130625,0.9453676276360519,Not corrected
24.6722444040404,7.130268199233717,0.40793391277076535,2.6368482725748237,0.10084410809218863,0.6973993275670676,0.9331957492477383,0.919767615835928,0.9445120583626063,Not corrected
27.74435145454545,7.130268199233717,0.40793391277076535,2.6223365734451423,0.10025186862694334,0.6973993275670676,0.9322853618976206,0.9187768456271772,0.9436849331152348,Not corrected
30.816458505050498,7.130268199233717,0.40793391277076535,2.6078248743154613,0.10006052957893745,0.6973993275670676,0.9313634805703037,0.9177156178915874,0.9428885524357946,Not corrected
33.88856555555555,7.130268199233717,0.40793391277076535,2.59331317518578,0.10027238596034081,0.6973993275670676,0.9304299851276733,0.9165813789965371,0.9421247056658699,Not corrected
36.960672606060605,7.130268199233717,0.40793391277076535,2.578801476056099,0.1008848976947507,0.6973993275670676,0.9294847548621208,0.9153721330607123,0.9413946179433609,Not corrected
40.03277965656565,7.130268199233717,0.40793391277076535,2.5642897769264175,0.10189083947892327,0.6973993275670676,0.9285276685144834,0.9140864608713652,0.9406989316994416,Not corrected
43.104886707070705,7.130268199233717,0.40793391277076535,2.549778077796736,0.10327871584551063,0.6973993275670676,0.927558604292697,0.9127235037967769,0.9400377231901971,Not corrected
46.17699375757575,7.130268199233717,0.40793391277076535,2.535266378667055,0.1050333876146741,0.6973993275670676,0.9265774398911805,0.9112829167692464,0.9394105499885856,Not corrected
49.249100808080804,7.130268199233717,0.40793391277076535,2.5207546795373736,0.1071368343338072,0.6973993275670676,0.9255840525109599,0.909764797908545,0.9388165218677316,Not corrected
52.32120785858586,7.130268199233717,0.40793391277076535,2.5062429804076927,0.10956897105688064,0.6973993275670676,0.924578318880548,0.9081696041137406,0.9382543857485749,Not corrected
55.393314909090904,7.130268199233717,0.40793391277076535,2.4917312812780112,0.11230844561294612,0.6973993275670676,0.9235601152775905,0.9064980619092713,0.9377226154269119,Not corrected
58.46542195959596,7.130268199233717,0.40793391277076535,2.47721958214833,0.11533335980394932,0.6973993275670676,0.9225293175512945,0.9047510813916984,0.9372194982342791,Not corrected
61.537529010101004,7.130268199233717,0.40793391277076535,2.462707883018649,0.11862187910110433,0.6973993275670676,0.9214858011456462,0.9029296789183191,0.93674321299235,Not corrected
64.60963606060605,7.130268199233717,0.40793391277076535,2.448196183888968,0.12215271552210955,0.6973993275670676,0.9204294411234366,0.9010349118239609,0.9362918959753452,Not corrected
67.6817431111111,7.130268199233717,0.40793391277076535,2.4336844847592864,0.12590548442189664,0.6973993275670676,0.9193601121911029,0.8990678263915869,0.935863693655598,Not corrected
70.75385016161616,7.130268199233717,0.40793391277076535,2.419172785629605,0.12986094676898874,0.6973993275670676,0.9182776887244013,0.8970294187610282,0.9354568025486846,Not corrected
73.82595721212121,7.130268199233717,0.40793391277076535,2.404661086499924,0.13400115437600685,0.6973993275670676,0.9171820447949192,0.8949206074791074,0.9350694974555301,Not corrected
76.89806426262625,7.130268199233717,0.40793391277076535,2.3901493873702426,0.13830951754165485,0.6973993275670676,0.9160730541974421,0.8927422158986345,0.9347001498946191,Not corrected
79.9701713131313,7.130268199233717,0.40793391277076535,2.3756376882405617,0.14277081389852367,0.6973993275670676,0.9149505904781854,0.8904949624985017,0.9343472386526277,Not corrected
83.04227836363636,7.130268199233717,0.40793391277076535,2.3611259891108802,0.14737115508140342,0.6973993275670676,0.9138145269639013,0.8881794572945666,0.9340093542842575,Not corrected
86.11438541414141,7.130268199233717,0.40793391277076535,2.346614289981199,0.15209792499881727,0.6973993275670676,0.9126647367918753,0.8857962027349539,0.9336851991680308,Not corrected
89.18649246464646,7.130268199233717,0.40793391277076535,2.332102590851518,0.15693970057956425,0.6973993275670676,0.9115010929408168,0.883345597747173,0.9333735844509415,Not corrected
92.2585995151515,7.130268199233717,0.40793391277076535,2.3175908917218364,0.16188616320488708,0.6973993275670676,0.9103234682626625,0.8808279438792092,0.9330734249400118,Not corrected
95.33070656565656,7.130268199233717,0.40793391277076535,2.3030791925921554,0.16692800677697558,0.6973993275670676,0.9091317355152956,0.8782434527254603,0.9327837327499693,Not corrected
98.40281361616161,7.130268199233717,0.40793391277076535,2.288567493462474,0.17205684655371117,0.6973993275670676,0.9079257673961931,0.8755922540392674,0.9325036103052882,Not corrected
101.47492066666666,7.130268199233717,0.40793391277076535,2.2740557943327926,0.17726513147153125,0.6973993275670676,0.9067054365770139,0.8728744041043474,0.9322322431241336,Not corrected
104.54702771717172,7.130268199233717,0.40793391277076535,2.2595440952031116,0.18254606162656542,0.6973993275670676,0.9054706157391297,0.8700898940705614,0.9319688926785131,Not corrected
107.61913476767675,7.130268199233717,0.40793391277076535,2.2450323960734306,0.18789351182321068,0.6973993275670676,0.9042211776101139,0.867238658060237,0.9317128895240065,Not corrected
110.69124181818181,7.130268199233717,0.40793391277076535,2.230520696943749,0.19330196156606078,0.6973993275670676,0.902956995001193,0.8643205809255915,0.9314636268179659,Not corrected
113.76334886868686,7.130268199233717,0.40793391277076535,2.216008997814068,0.19876643151058798,0.6973993275670676,0.9016779408456688,0.8613355055912243,0.93122055429150985,Not corrected
116.83545591919192,7.130268199233717,0.40793391277076535,2.201497298684387,0.20428242615496403,0.6973993275670676,0.9003838882383202,0.8582832399530033,0.9309831727031084,Not corrected
119.90756296969697,7.130268199233717,0.40793391277076535,2.1869855995547054,0.2098458824142186,0.6973993275670676,0.8990747104757868,0.8551635633299935,0.9307510287760626,Not corrected
122.97967002020201,7.130268199233717,0.40793391277076535,2.172473900425024,0.21545312364127928,0.6973993275670676,0.8977502810979471,0.8519762324825471,0.9305237106055293,Not corrected
126.05177707070706,7.130268199233717,0.40793391277076535,2.157962201295343,0.22110081862694522,0.6973993275670676,0.8964104739302897,0.8487209872197654,0.9303008435104655,Not corrected
129.12388412121211,7.130268199233717,0.40793391277076535,2.1434505021656616,0.22678594510763872,0.6973993275670676,0.8950551631272877,0.8453975556251392,0.9300820863000724,Not corrected
132.19599117171717,7.130268199233717,0.40793391277076535,2.1289388030359806,0.23250575732519638,0.6973993275670676,0.8936842232167768,0.8420056589316331,0.9298671279216596,Not corrected
135.26809822222222,7.130268199233717,0.40793391277076535,2.114427103906299,0.23825775720949768,0.6973993275670676,0.8922975291453432,0.8385450160778597,0.9296556844562602,Not corrected
138.34020527272727,7.130268199233717,0.40793391277076535,2.099915404776618,0.24403966878721872,0.6973993275670676,0.8908949563247224,0.8350153479759902,0.9294474964291135,Not corrected
141.41231232323233,7.130268199233717,0.40793391277076535,2.085403705646937,0.24984941545496864,0.6973993275670676,0.8894763806792115,0.8314163815202039,0.9292423264037506,Not corrected
144.48441937373738,7.130268199233717,0.40793391277076535,2.0708920065172554,0.2556850997902346,0.6973993275670676,0.8880416786940968,0.8277478533621601,0.9290399568305265,Not corrected
147.55652642424243,7.130268199233717,0.40793391277076535,2.0563803073875744,0.2615449856075119,0.6973993275670676,0.8865907274650956,0.8240095134774105,0.9288401881227606,Not corrected
150.62863347474746,7.130268199233717,0.40793391277076535,2.0418686082578934,0.2674274819988842,0.6973993275670676,0.8851234047488141,0.8202011285440522,0.9286428369360521,Not corrected
153.7007405252525,7.130268199233717,0.40793391277076535,2.027356909128212,0.27333112912771595,0.6973993275670676,0.8836395890142171,0.816322485152338,0.9284477346286816,Not corrected
156.77284757575757,7.130268199233717,0.40793391277076535,2.0128452099985306,0.279254585570836,0.6973993275670676,0.8821391594951113,0.8123733928614876,0.9282547258832441,Not corrected
159.84495462626262,7.130268199233717,0.40793391277076535,1.9983335108688496,0.28519661702864785,0.6973993275670676,0.8806219962436348,0.8083536871176291,0.9280636674717582,Not corrected
162.91706167676767,7.130268199233717,0.40793391277076535,1.9838218117391682,0.29115608624407924,0.6973993275670676,0.8790879801847522,0.8042632320446382,0.9278744271484064,Not corrected
165.98916872727273,7.130268199233717,0.40793391277076535,1.969310112609487,0.297131943990364,0.6973993275670676,0.8775369931717477,0.8001019231176819,0.9276868826558191,Not corrected
169.06127577777778,7.130268199233717,0.40793391277076535,1.9547984134798058,0.3031232210045191,0.6973993275670676,0.8759689180427129,0.7958696897274606,0.9275009208323844,Not corrected
172.13338282828283,7.130268199233717,0.40793391277076535,1.9402867143501243,0.3091290207582506,0.6973993275670676,0.8743836386780178,0.7915664976415234,0.927316436809491,Not corrected
175.2054898787879,7.130268199233717,0.40793391277076535,1.9257750152204431,0.31514851297109736,0.6973993275670676,0.8727810400587629,0.7871923513675582,0.9271333332888619,Not corrected
178.27759692929294,7.130268199233717,0.40793391277076535,1.911263316090762,0.3211809277821016,0.6973993275670676,0.8711610083261958,0.7827472964222342,0.9269515198912723,Not corrected
181.34970397979797,7.130268199233717,0.40793391277076535,1.896751616961081,0.327225550506356,0.6973993275670676,0.8695234308420884,0.7782314215080023,0.9267709125689335,Not corrected
184.42181103030302,7.130268199233717,0.40793391277076535,1.8822399178313995,0.33328171691159814,0.6973993275670676,0.8678681962500576,0.7736448605991958,0.9265914330747113,Not corrected
187.49391808080807,7.130268199233717,0.40793391277076535,1.8677282187017183,0.3393488089577391,0.6973993275670676,0.8661951945378207,0.7689877949378449,0.9264130084821226,Not corrected
190.56602513131313,7.130268199233717,0.40793391277076535,1.8532165195720371,0.3454262509489808,0.6973993275670676,0.8645043171003678,0.7642604549387866,0.9262355707507508,Not corrected
193.63813218181818,7.130268199233717,0.40793391277076535,1.8387048204423557,0.3515135060540903,0.6973993275670676,0.8627954568040381,0.7594631220029279,0.9260590563323192,Not corrected
196.71023923232323,7.130268199233717,0.40793391277076535,1.8241931213126747,0.3576100731555928,0.6973993275670676,0.8610685080514826,0.7545961302368815,0.9258834058132017,Not corrected
199.78234628282829,7.130268199233717,0.40793391277076535,1.8096814221829933,0.36371548399318443,0.6973993275670676,0.8593233668474928,0.7496598680766485,0.9257085635896283,Not corrected
202.85445333333334,7.130268199233717,0.40793391277076535,1.7951697230533121,0.3698293005706593,0.6973993275670676,0.85755993086568,0.7446547798125507,0.9255344775722489,Not corrected
205.9265603838384,7.130268199233717,0.40793391277076535,1.780658023923631,0.3759511127991355,0.6973993275670676,0.8557780995159808,0.7395813670122232,0.9253610989170993,Not corrected
208.99866743434345,7.130268199233717,0.40793391277076535,1.7661463247939495,0.38208053635244527,0.6973993275670676,0.8539777740129663,0.7344401898381582,0.9251883817803276,Not corrected
212.0707744848485,7.130268199233717,0.40793391277076535,1.7516346256642683,0.3882172107132485,0.6973993275670676,0.8521588574449338,0.7292318682560326,0.9250162830943369,Not corrected
215.14288153535352,7.130268199233717,0.40793391277076535,1.7371229265345873,0.3943607973908105,0.6973993275670676,0.8503212548437532,0.7239570831298646,0.924844762363243,Not corrected
218.21498858585858,7.130268199233717,0.40793391277076535,1.722611227404906,0.40051097829347404,0.6973993275670676,0.8484648732554414,0.7186165771999169,0.9246737814757806,Not corrected
221.28709563636363,7.130268199233717,0.40793391277076535,1.7080995282752247,0.4066674542407027,0.6973993275670676,0.8465896218114374,0.7132111559391927,0.9245033045339834,Not corrected
224.35920268686868,7.130268199233717,0.40793391277076535,1.6935878291455435,0.41282994360120134,0.6973993275670676,0.8446954118005461,0.70774168828436,0.9243332976961414,Not corrected
227.43130973737374,7.130268199233717,0.40793391277076535,1.6790761300158623,0.4189981810450574,0.6973993275670676,0.8427821567415227,0.702209107236984,0.9241637290326947,Not corrected
230.5034167878788,7.130268199233717,0.40793391277076535,1.6645644308861811,0.42517191639912083,0.6973993275670676,0.8408497724562599,0.6966144103310407,0.9239945683938668,Not corrected
233.57552383838384,7.130268199233717,0.40793391277076535,1.6500527317564997,0.43135091359596534,0.6973993275670676,0.8388981771435461,0.690958659962835,0.9238257872879496,Not corrected
236.6476308888889,7.130268199233717,0.40793391277076535,1.6355410326268185,0.4375349497077753,0.6973993275670676,0.8369272914533582,0.6852429835796476,0.9236573587692808,Not corrected
239.71973793939395,7.130268199233717,0.40793391277076535,1.6210293334971373,0.4437238140573883,0.6973993275670676,0.8349370385616489,0.6794685737236693,0.9234892573350343,Not corrected
242.791844989899,7.130268199233717,0.40793391277076535,1.606517634367456,0.4499173073995092,0.6973993275670676,0.83292734424559145,0.6736366879280857,0.9233214588300421,Not corrected
245.86395204040403,7.130268199233717,0.40793391277076535,1.592005935237775,0.4561152411658174,0.6973993275670676,0.8308981369592369,0.6677486484625024,0.9231539403589412,Not corrected
248.93605909090908,7.130268199233717,0.40793391277076535,1.5774942361080937,0.4623174367683073,0.6973993275670676,0.8288493479095451,0.6618058419252779,0.9229866802050012,Not corrected
252.00816614141414,7.130268199233717,0.40793391277076535,1.5629825369784125,0.46852372495576206,0.6973993275670676,0.8267809111327409,0.655809718680751,0.9228196577550636,Not corrected
255.0802731919192,7.130268199233717,0.40793391277076535,1.5484708378487313,0.47473394521875706,0.6973993275670676,0.8246927635709517,0.649761792139798,0.9226528534300651,Not corrected
258.1523802424243,7.130268199233717,0.40793391277076535,1.5339591387190499,0.480947945239033,0.6973993275670676,0.8225848451490753,0.6436636378826412,0.9224862486206753,Not corrected
261.2244872929293,7.130268199233717,0.40793391277076535,1.5194474395893687,0.4871655803794726,0.6973993275670676,0.8204570988518329,0.6375168926233526,0.9223198256276213,Not corrected
264.2965943434344,7.130268199233717,0.40793391277076535,1.5049357404596873,0.49338671321127775,0.6973993275670676,0.818309470800951,0.6313232530160322,0.9221535676063098,Not corrected
267.36870139393943,7.130268199233717,0.40793391277076535,1.490424041330006,0.4996112130752526,0.6973993275670676,0.8161419103324214,0.6250844743032183,0.921987458515396,Not corrected
270.4408084444445,7.130268199233717,0.40793391277076535,1.4759123422003249,0.5058389556743943,0.6973993275670676,0.8139543700737853,0.6188023688076683,0.9218214830689778,Not corrected
273.51291549494954,7.130268199233717,0.40793391277076535,1.4614006430706437,0.5120698226952423,0.6973993275670676,0.811746806021383,0.6124788042692598,0.9216556266921272,Not corrected
276.5850225454546,7.130268199233717,0.40793391277076535,1.4468889439409622,0.5183037014556722,0.6973993275670676,0.8095191776175127,0.6061157020293773,0.9214898754794877,Not corrected
279.65712959595965,7.130268199233717,0.40793391277076535,1.432377244811281,0.5245404845770276,0.6973993275670676,0.8072714478274389,0.5997150350657757,0.9213242161567036,Not corrected
282.7292366464647,7.130268199233717,0.40793391277076535,1.4178655456815998,0.5307800696786701,0.6973993275670676,0.8050035832161871,0.5932788258815457,0.9211586360444551,Not corrected
285.80134369696975,7.130268199233717,0.40793391277076535,1.4033538465519186,0.5370223590931978,0.6973993275670676,0.8027155540250662,0.5868091442524301,0.9209931230249019,Not corrected
288.8734507474748,7.130268199233717,0.40793391277076535,1.3888421474222374,0.5432672596007343,0.6973993275670676,0.8004073342478492,0.5803081048373739,0.9208276655103477,Not corrected
291.94555779797986,7.130268199233717,0.40793391277076535,1.374330448292556,0.5495146821808299,0.6973993275670676,0.7980789017065512,0.5737778646577972,0.9206622524139604,Not corrected
295.0176648484849,7.130268199233717,0.40793391277076535,1.3598187491628748,0.5557645417806393,0.6973993275670676,0.7957302381267342,0.5672206204516883,0.9204968731223948,Not corrected
298.0897718989899,7.130268199233717,0.40793391277076535,1.3453070500331938,0.5620167570981562,0.6973993275670676,0.7933613292122725,0.5606386059091953,0.9203315174701715,Not corrected
301.16187894949496,7.130268199233717,0.40793391277076535,1.3307953509035126,0.5682712503793859,0.6973993275670676,0.7909721647195065,0.5540340887969523,0.9201661757156901,Not corrected
304.233986,7.130268199233717,0.40793391277076535,1.3162836517738314,0.5745279472284286,0.6973993275670676,0.7885627385307163,0.5474093679789138,0.9200008385187523,Not corrected
0.09534306695669947,7.130268199233717,0.41359853810841585,2.85003681560331,0.13434517075960575,0.6924321966876573,0.9453205857981788,0.9300020139599653,0.9574402094238965,Low extinction
1.3073726852419303,7.130268199233717,0.41359853810841585,2.8366295632725773,0.1311671716972483,0.6924321966876573,0.9446234186004,0.9295332693663048,0.9566328413223452,Low extinction
2.519402303527161,7.130268199233717,0.41359853810841585,2.8232223109418446,0.12809001549226148,0.6924321966876573,0.9439178898068773,0.9290485976554669,0.9558192115305445,Low extinction
3.731431921812392,7.130268199233717,0.41359853810841585,2.809815058611112,0.12512114257664336,0.6924321966876573,0.943203912639075,0.9285467685311859,0.9550001567446457,Low extinction
4.943461540097623,7.130268199233717,0.41359853810841585,2.796407806280379,0.1222684410781712,0.6924321966876573,0.9424813997645822,0.92802645785779,0.9541766025731386,Low extinction
6.155491158382853,7.130268199233717,0.41359853810841585,2.7830005539496465,0.1195402282113109,0.6924321966876573,0.9417502633030489,0.9274862457045517,0.9533495655349317,Low extinction
7.367520776668084,7.130268199233717,0.41359853810841585,2.769593301618914,0.11694521687979775,0.6924321966876573,0.941010414832448,0.9269246160353793,0.9525201534182399,Low extinction
8.579550394953316,7.130268199233717,0.41359853810841585,2.756186049288181,0.11449246461858588,0.6924321966876573,0.9402617653956717,0.9263399584979525,0.9516895635464429,Low extinction
9.791580013238546,7.130268199233717,0.41359853810841585,2.7427787969574484,0.1121913021180248,0.6924321966876573,0.9395042255074677,0.9257305727894517,0.9508590784740195,Low extinction
11.003609631523776,7.130268199233717,0.41359853810841585,2.7293715446267157,0.11005123897786097,0.6924321966876573,0.93873770516172,0.9250946760666499,0.9500300586450764,Low extinction
12.215639249809007,7.130268199233717,0.41359853810841585,2.715964292295983,0.10808184511429834,0.6924321966876573,0.9379621138390885,0.9244304138131103,0.9492039316019889,Low extinction
13.427668868094239,7.130268199233717,0.41359853810841585,2.7025570399652503,0.10629260745312753,0.6924321966876573,0.9371773605150072,0.923735874463086,0.9483821774448506,Low extinction
14.63969848637947,7.130268199233717,0.41359853810841585,2.6891497876345176,0.10469276320826915,0.6924321966876573,0.9363833536680538,0.9230091079014294,0.9475663104226981,Low extinction
15.8517281046647,7.130268199233717,0.41359853810841585,2.675742535303785,0.10329111312356612,0.6924321966876573,0.9355800012886938,0.9222481477096215,0.9467578567866985,Low extinction
17.06375772294993,7.130268199233717,0.41359853810841585,2.662335282973052,0.10209582041177065,0.6924321966876573,0.9347672108884115,0.9214510367192104,0.9459583293442946,Low extinction
18.27578734123516,7.130268199233717,0.41359853810841585,2.6489280306423195,0.10111420352217726,0.6924321966876573,0.9339448895092302,0.9206158550888115,0.9451691994984562,Low extinction
19.487816959520394,7.130268199233717,0.41359853810841585,2.635520778311587,0.10035253297959455,0.6924321966876573,0.9331129437336325,0.9197407497773035,0.9443918678996948,Low extinction
20.699846577805623,7.130268199233717,0.41359853810841585,2.622113525980854,0.09981584398301457,0.6924321966876573,0.932271279694887,0.9188239639933586,0.9436276351310077,Low extinction
21.91187619609085,7.130268199233717,0.41359853810841585,2.6087062736501214,0.09950777687089071,0.6924321966876573,0.9314198030877892,0.9178638650133634,0.9428776740339937,Low extinction
23.123905814376087,7.130268199233717,0.41359853810841585,2.5952990213193887,0.099430456695406,0.6924321966876573,0.9305584191798231,0.9168589687224745,0.942143005321695,Low extinction
24.335935432661316,7.130268199233717,0.41359853810841585,2.581891768988656,0.09958442093345529,0.6924321966876573,0.9296870328227531,0.9158079593740747,0.9414244779832089,Low extinction
25.547965050946544,7.130268199233717,0.41359853810841585,2.5684845166579233,0.099968600969358265,0.6924321966876573,0.9288055484646521,0.9147097033794992,0.9407227556684928,Low extinction
26.75999466923178,7.130268199233717,0.41359853810841585,2.5550772643271906,0.1005803588182828,0.6924321966876573,0.9279138701623725,0.9135632563985719,0.940038309783129,Low extinction
27.97202428751701,7.130268199233717,0.41359853810841585,2.541670011996458,0.10141557618720523,0.6924321966876573,0.9270119015944701,0.9123678635409411,0.9393714194833557,Low extinction
29.184053905802237,7.130268199233717,0.41359853810841585,2.5282627596657252,0.10246878900365566,0.6924321966876573,0.9260995460745866,0.9111229530322894,0.9387221782175869,Low extinction
30.396083524087473,7.130268199233717,0.41359853810841585,2.514855507334992,0.10373335750612314,0.6924321966876573,0.9251767065652977,0.909828124173736,0.9380905059863929,Low extinction
31.6081131423727,7.130268199233717,0.41359853810841585,2.50144825500426,0.10520166021615424,0.6924321966876573,0.9242432856924366,0.9084831307697656,0.9374761661458959,Low extinction
32.82014276065793,7.130268199233717,0.41359853810841585,2.4880410026735267,0.10686529969125502,0.6924321966876573,0.9232991857598962,0.9070878613895551,0.9368787853899955,Low extinction
34.032172378943166,7.130268199233717,0.41359853810841585,2.474633750342794,0.10871530875223095,0.6924321966876573,0.9223443087649226,0.9056423178577085,0.9362978755156812,Low extinction
35.244201997228394,7.130268199233717,0.41359853810841585,2.4612264980120613,0.11074234758758109,0.6924321966876573,0.9213785564139002,0.9041465932668519,0.9357328556792563,Low extinction
36.45623161551362,7.130268199233717,0.41359853810841585,2.4478192456813286,0.11293688438437159,0.6924321966876573,0.9204018301386444,0.9026008506050688,0.9351830740507476,Low extinction
37.66826123379886,7.130268199233717,0.41359853810841585,2.434411993350596,0.11528935455111966,0.6924321966876573,0.9194140311131994,0.9010053028394621,0.9346478280254644,Low extinction
38.88029085208409,7.130268199233717,0.41359853810841585,2.421004741019863,0.11779029588341818,0.6924321966876573,0.9184150602711555,0.8993601950330061,0.9341263824157836,Low extinction
40.092320470369316,7.130268199233717,0.41359853810841585,2.4075974886891305,0.12043045897495033,0.6924321966876573,0.9174048183234895,0.8976657888259008,0.933617985292171,Low extinction
41.30435008865455,7.130268199233717,0.41359853810841585,2.394190236358398,0.12320089369260177,0.6924321966876573,0.9163832057769346,0.8959223494043144,0.933121881350767,Low extinction
42.51637970693978,7.130268199233717,0.41359853810841585,2.380782984027665,0.12609301359519842,0.6924321966876573,0.9153501229528874,0.8941301349176305,0.9326373228466147,Low extinction
43.72840932522501,7.130268199233717,0.41359853810841585,2.3673757316969324,0.12909864081974914,0.6924321966876573,0.9143054700068606,0.8922893881908922,0.9321635782460186,Low extinction
44.940438943510244,7.130268199233717,0.41359853810841585,2.3539684793661997,0.13221003425844377,0.6924321966876573,0.9132491469484818,0.8904003305073495,0.9316999388232872,Low extinction
46.15246856179547,7.130268199233717,0.41359853810841585,2.340561227035467,0.13541990388733743,0.6924321966876573,0.9121810536620516,0.8884631571993081,0.9312457234638033,Low extinction
47.3644981800807,7.130268199233717,0.41359853810841585,2.3271539747047343,0.1387214139641646,0.6924321966876573,0.9111010899276623,0.8864780347754403,0.930800281945381,Low extinction
48.57652779836593,7.130268199233717,0.41359853810841585,2.3137467223740016,0.1421081775574618,0.6924321966876573,0.910009155442886,0.8844450993213375,0.9303629969612234,Low extinction
49.788557416651166,7.130268199233717,0.41359853810841585,2.300339470043269,0.1455742445569052,0.6924321966876573,0.908905149845034,0.8823644559305721,0.9299332851272883,Low extinction
51.000587034936395,7.130268199233717,0.41359853810841585,2.286932217712536,0.14911408498545253,0.6924321966876573,0.9077889727339996,0.880236178950497,0.9295105971898733,Low extinction
52.21261665322162,7.130268199233717,0.41359853810841585,2.2735249653818035,0.15272256911441884,0.6924321966876573,0.9066605236956813,0.8780603128565346,0.9290944176196877,Low extinction
53.42464627150686,7.130268199233717,0.41359853810841585,2.260117713051071,0.15639494558934025,0.6924321966876573,0.9055197023259991,0.8758368735980462,0.9286842637493056,Low extinction
54.63667588979209,7.130268199233717,0.41359853810841585,2.246710460720338,0.16012681851582988,0.6924321966876573,0.9043664082555035,0.873565850286384,0.9282796845833463,Low extinction
55.848705508077316,7.130268199233717,0.41359853810841585,2.2333032083896054,0.16391412423349888,0.6924321966876573,0.903200541174585,0.8712472071204392,0.9278802593859958,Low extinction
57.06073512636255,7.130268199233717,0.41359853810841585,2.2198959560588727,0.16775310832170254,0.6924321966876573,0.9020220008592874,0.8688808854665132,0.927485596128917,Low extinction
58.27276474464778,7.130268199233717,0.41359853810841585,2.20648870372814,0.1716403032305507,0.6924321966876573,0.9008306871977271,0.8664668060276263,0.927095329864285,Low extinction
59.48479436293301,7.130268199233717,0.41359853810841585,2.1930814513974073,0.17557250681038442,0.6924321966876573,0.8996265002171269,0.8640048710525904,0.9267091210724261,Low extinction
60.696823981218245,7.130268199233717,0.41359853810841585,2.179674199066674,0.17954676191848787,0.6924321966876573,0.8984093401114631,0.86149496654761,0.9263266540210566,Low extinction
61.90885359950347,7.130268199233717,0.41359853810841585,2.166266946735942,0.18356033720896894,0.6924321966876573,0.8971791072697312,0.8589369644632061,0.9259476351630546,Low extinction
63.1208832177887,7.130268199233717,0.41359853810841585,2.152859694405209,0.18761070915662353,0.6924321966876573,0.8959357023048339,0.8563307248371875,0.925571791591704,Low extinction
64.33291283607393,7.130268199233717,0.41359853810841585,2.1394524420744765,0.19169554532475855,0.6924321966876573,0.8946790260830925,0.8536760978806325,0.9251988695660929,Low extinction
65.54494245435916,7.130268199233717,0.41359853810841585,2.126045189743744,0.19581268885745506,0.6924321966876573,0.8934089797543842,0.8509729259986134,0.9248286331144971,Low extinction
66.7569720726444,7.130268199233717,0.41359853810841585,2.1126379374130106,0.19996014415613184,0.6924321966876573,0.8921254647829071,0.8482210457410446,0.9244608627199085,Low extinction
67.96900169092963,7.130268199233717,0.41359853810841585,2.099230685082278,0.20413606368650322,0.6924321966876573,0.8908283829785767,0.8454202896817341,0.9240953540891024,Low extinction
69.18103130921486,7.130268199233717,0.41359853810841585,2.0858234327515457,0.2083387358534743,0.6924321966876573,0.8895176365290498,0.8425704882256849,0.9237319170046218,Low extinction
70.39306092750009,7.130268199233717,0.41359853810841585,2.0724161804208125,0.2125665738768726,0.6924321966876573,0.8881931280323825,0.8396714713460871,0.9233703742576063,Low extinction
71.60509054578532,7.130268199233717,0.41359853810841585,2.0590089280900803,0.21681810559915135,0.6924321966876573,0.8868547605303169,0.8367230702533781,0.9230105606584041,Low extinction
72.81712016407054,7.130268199233717,0.41359853810841585,2.045601675759347,0.2210919641565068,0.6924321966876573,0.8855024375422014,0.8337251189993466,0.9226523221212445,Low extinction
74.02914978235579,7.130268199233717,0.41359853810841585,2.0321944234286144,0.22538687944661734,0.6924321966876573,0.8841360630995403,0.8306774560195891,0.922295514818863,Low extinction
75.24117940064102,7.130268199233717,0.41359853810841585,2.0187871710978817,0.22970167032895192,0.6924321966876573,0.8827555417811718,0.8275799256177625,0.9219400044027706,Low extinction
76.45320901892624,7.130268199233717,0.41359853810841585,2.005379918767149,0.23403523749696659,0.6924321966876573,0.8813607787490757,0.8244323793950733,0.9215856652848096,Low extinction
77.66523863721147,7.130268199233717,0.41359853810841585,1.9919726664364161,0.23838655696523076,0.6924321966876573,0.8799516797848052,0.8212346776283264,0.921232379975688,Low extinction
78.8772682554967,7.130268199233717,0.41359853810841585,1.9785654141056834,0.24275467411841403,0.6924321966876573,0.8785281513265415,0.8179866905996755,0.9208800384763091,Low extinction
80.08929787378193,7.130268199233717,0.41359853810841585,1.9651581617749507,0.2471386982729782,0.6924321966876573,0.8770901005067678,0.814688299880981,0.9205285377178901,Low extinction
81.30132749206716,7.130268199233717,0.41359853810841585,1.951750909444218,0.2515377977062523,0.6924321966876573,0.8756374351905605,0.8113393995754127,0.9201777810470647,Low extinction
82.5133571103524,7.130268199233717,0.41359853810841585,1.9383436571134853,0.25595119511126607,0.6924321966876573,0.8741700640144896,0.807939897518653,0.9198276777523924,Low extinction
83.72538672863763,7.130268199233717,0.41359853810841585,1.9249364047827526,0.26037816343922526,0.6924321966876573,0.8726878964261268,0.8044897164417678,0.919478142628924,Low extinction
84.93741634692286,7.130268199233717,0.41359853810841585,1.91152915245202,0.26481802209480937,0.6924321966876573,0.8711908427241544,0.8009887950975125,0.9191290955777132,Low extinction
86.14944596520809,7.130268199233717,0.41359853810841585,1.8981219001212872,0.2692701334525508,0.6924321966876573,0.8696788140990684,0.7974370893515652,0.9187804612373811,Low extinction
87.36147558349332,7.130268199233717,0.41359853810841585,1.8847146477905545,0.27373389966539896,0.6924321966876573,0.8681517226744696,0.7938345732398938,0.918432168645073,Low extinction
88.57350520177854,7.130268199233717,0.41359853810841585,1.8713073954598218,0.2782087597391992,0.6924321966876573,0.8666094815489349,0.7901812399932077,0.9180841509243465,Low extinction
89.78553482006379,7.130268199233717,0.41359853810841585,1.8579001431290891,0.2826941868492254,0.6924321966876573,0.8650520048384606,0.7864771030291832,0.9177363449977353,Low extinction
90.99756443834902,7.130268199233717,0.41359853810841585,1.8444928907983562,0.28718968587710575,0.6924321966876573,0.8634792077194698,0.7827221969129292,0.917388691321917,Low extinction
92.20959405663424,7.130268199233717,0.41359853810841585,1.8310856384676235,0.29169479114848984,0.6924321966876573,0.8618910064723727,0.7789165782859284,0.9170411336435847,Low extinction
93.42162367491947,7.130268199233717,0.41359853810841585,1.8176783861368908,0.2962090643536354,0.6924321966876573,0.8602873185256703,0.7750603267634877,0.9166936187742853,Low extinction
94.6336532932047,7.130268199233717,0.41359853810841585,1.8042711338061583,0.30073209263474976,0.6924321966876573,0.8586680625005921,0.7711535458005464,0.9163460963826382,Low extinction
95.84568291148993,7.130268199233717,0.41359853810841585,1.7908638814754256,0.30526348682543064,0.6924321966876573,0.8570331582562524,0.7671963635255118,0.9159985188024773,Low extinction
97.05771252977516,7.130268199233717,0.41359853810841585,1.777456629144693,0.3098028798289141,0.6924321966876573,0.8553825269353164,0.7631889335416366,0.9156508408555946,Low extinction
98.2697421480604,7.130268199233717,0.41359853810841585,1.76404937681396,0.3143499251230735,0.6924321966876573,0.8537160910101615,0.759131435695308,0.915303019687871,Low extinction
99.48177176634563,7.130268199233717,0.41359853810841585,1.7506421244832273,0.31890429538123155,0.6924321966876573,0.852033774329519,0.755024076810492,0.9149550146176892,Low extinction
100.69380138463086,7.130268199233717,0.41359853810841585,1.7372348721524946,0.3234656811988595,0.6924321966876573,0.8503355021655816,0.7508670913884588,0.9146067869956203,Low extinction
101.90583100291609,7.130268199233717,0.41359853810841585,1.723827619821762,0.32803378991715043,0.6924321966876573,0.8486212012615628,0.7466607422718179,0.9142583000744592,Low extinction
103.11786062120132,7.130268199233717,0.41359853810841585,1.7104203674910292,0.3326083445352819,0.6924321966876573,0.8468907998796891,0.7424053212718034,0.9139095188887733,Low extinction
104.32989023948655,7.130268199233717,0.41359853810841585,1.6970131151602965,0.3371890827039287,0.6924321966876573,0.8451442278496091,0.7381011497576766,0.9135604101431863,Low extinction
105.54191985777179,7.130268199233717,0.41359853810841585,1.6836058628295636,0.3417757557932652,0.6924321966876573,0.8433814166172036,0.7337485792070528,0.9132109421087075,Low extinction
106.75394947605702,7.130268199233717,0.41359853810841585,1.6701986104988311,0.34636812802930195,0.6924321966876573,0.8416022992937712,0.7293479917159112,0.9128610845264513,Low extinction
107.96597909434225,7.130268199233717,0.41359853810841585,1.6567913581680984,0.35096597569296195,0.6924321966876573,0.8398068107055777,0.7248998004670116,0.9125108085181747,Low extinction
109.17800871262747,7.130268199233717,0.41359853810841585,1.6433841058373657,0.35556908637679285,0.6924321966876573,0.8379948874437428,0.720404450155418,0.912160086503085,Low extinction
110.3900383309127,7.130268199233717,0.41359853810841585,1.629976853506633,0.360177258294671,0.6924321966876573,0.8361664679144446,0.71586241736982,0.9118088921204336,Low extinction
111.60206794919793,7.130268199233717,0.41359853810841585,1.6165696011759003,0.36479029964025866,0.6924321966876573,0.8343214923894199,0.7112742109283388,0.9114572001574462,Low extinction
112.81409756748317,7.130268199233717,0.41359853810841585,1.6031623488451674,0.36940802799034816,0.6924321966876573,0.832459903056736,0.706640372167522,0.9111049864821774,Low extinction
114.0261271857684,7.130268199233717,0.41359853810841585,1.5897550965144347,0.37403026974956255,0.6924321966876573,0.8305816440718101,0.7019614751832502,0.910752227980913,Low extinction
115.23815680405363,7.130268199233717,0.41359853810841585,1.576347844183702,0.37865685963318796,0.6924321966876573,0.8286866616086521,0.6972381270223171,0.9103989024997771,Low extinction
116.45018642233886,7.130268199233717,0.41359853810841585,1.5629405918529693,0.38328764018518735,0.6924321966876573,0.8267749039113024,0.6924709678234817,0.9100449887902243,Low extinction
117.66221604062409,7.130268199233717,0.41359853810841585,1.5495333395222366,0.387922461328699,0.6924321966876573,0.8248463213454416,0.6876606709068593,0.9096904664581305,Low extinction
118.87424565890932,7.130268199233717,0.41359853810841585,1.536126087191504,0.39256117994654915,0.6924321966876573,0.8229008664501408,0.6828079428105694,0.9093353159162112,Low extinction
120.08627527719456,7.130268199233717,0.41359853810841585,1.5227188348607712,0.39720365948951497,0.6924321966876573,0.8209384939897255,0.677913523273646,0.908979518339528,Low extinction
0.09532527450168043,7.130268199233717,0.4198451697639484,2.991391661431532,0.17016130195396287,0.6915232477950439,0.9521837122303727,0.9344947373164156,0.9652734804454585,Intermediate extinction
0.43549619727149774,7.130268199233717,0.4198451697639484,2.982384493171764,0.16764293884265918,0.6915232477950439,0.951771942535981,0.9342450817262448,0.9648030533000895,Intermediate extinction
0.775667120041315,7.130268199233717,0.4198451697639484,2.9733773249119966,0.16514487487406249,0.6915232477950439,0.9513568080374544,0.9339920890287905,0.9643278576300917,Intermediate extinction
1.1158380428111323,7.130268199233717,0.4198451697639484,2.964370156652229,0.16266804524173237,0.6915232477950439,0.9509382843689843,0.9337356168960868,0.9638479369863717,Intermediate extinction
1.4560089655809496,7.130268199233717,0.4198451697639484,2.9553629883924617,0.16021343476935124,0.6915232477950439,0.9505163470424988,0.9334755148903787,0.9633633420556819,Intermediate extinction
1.796179888350767,7.130268199233717,0.4198451697639484,2.946355820132694,0.15778208044847924,0.6915232477950439,0.9500909714480331,0.9332116239840151,0.962874131139445,Intermediate extinction
2.1363508111205842,7.130268199233717,0.4198451697639484,2.9373486518729264,0.15537507404000792,0.6915232477950439,0.9496621328541252,0.9329437760571547,0.9623803706550722,Intermediate extinction
2.4765217338904013,7.130268199233717,0.4198451697639484,2.928341483613159,0.15299356472563103,0.6915232477950439,0.9492298064082318,0.9326717933738888,0.9618821356591726,Intermediate extinction
2.816692656660219,7.130268199233717,0.4198451697639484,2.9193343153533915,0.15063876179192429,0.6915232477950439,0.9487939671371713,0.9323954880378097,0.9613795103916469,Intermediate extinction
3.1568635794300364,7.130268199233717,0.4198451697639484,2.9103271470936236,0.14831193732529657,0.6915232477950439,0.9483545899475887,0.9321146614285609,0.9608725888391352,Intermediate extinction
3.4970345021998535,7.130268199233717,0.4198451697639484,2.901319978833856,0.1460144288910916,0.6915232477950439,0.9479116496264438,0.9318291036215168,0.9603614753156817,Intermediate extinction
3.8372054249696705,7.130268199233717,0.4198451697639484,2.8923128105740887,0.14374764216442273,0.6915232477950439,0.9474651208415283,0.9315385927934522,0.9598462850577707,Intermediate extinction
4.1773763477394885,7.130268199233717,0.4198451697639484,2.8833056423143213,0.14151305347387763,0.6915232477950439,0.9470149781420029,0.9312428946179042,0.9593271448300428,Intermediate extinction
4.517547270509306,7.130268199233717,0.4198451697639484,2.8742984740545534,0.13931221221199713,0.6915232477950439,0.9465611959589645,0.9309417616548904,0.9588041935370369,Intermediate extinction
4.857718193279123,7.130268199233717,0.4198451697639484,2.865291305794786,0.1371467430584148,0.6915232477950439,0.9461037486060365,0.9306349327407574,0.9582775828352015,Intermediate extinction
5.19788911604894,7.130268199233717,0.4198451697639484,2.8562841375350185,0.13501834795275605,0.6915232477950439,0.945642610279987,0.9303221323851837,0.9577474777381573,Intermediate extinction
5.538060038818758,7.130268199233717,0.4198451697639484,2.847276969275251,0.13292880774490723,0.6915232477950439,0.9451777550613739,0.9300030701837607,0.9572140572068073,Intermediate extinction
5.878230961588575,7.130268199233717,0.4198451697639484,2.838269801015483,0.1308799834401879,0.6915232477950439,0.9447091569152155,0.9296774402561162,0.9566775147143373,Intermediate extinction
6.218401884358393,7.130268199233717,0.4198451697639484,2.8292626327557158,0.12887381694648278,0.6915232477950439,0.9442367896916923,0.9293449207212221,0.9561380587744819,Intermediate extinction
6.5585728071282094,7.130268199233717,0.4198451697639484,2.8202554644959483,0.12691233121977386,0.6915232477950439,0.9437606271268728,0.9290051732233101,0.9555959134196443,Intermediate extinction
6.898743729898027,7.130268199233717,0.4198451697639484,2.8112482962361804,0.12499762969412649,0.6915232477950439,0.9432806428434709,0.9286578425236854,0.955051318613594,Intermediate extinction
7.2389146526678445,7.130268199233717,0.4198451697639484,2.802241127976413,0.12313189487250124,0.6915232477950439,0.9427968103516319,0.9283025561756151,0.9545045305815807,Intermediate extinction
7.579085575437661,7.130268199233717,0.4198451697639484,2.7932339597166456,0.12131738594639176,0.6915232477950439,0.9423091030497457,0.9279389243013181,0.9539558220388472,Intermediate extinction
7.919256498207479,7.130268199233717,0.4198451697639484,2.784226791456878,0.11955643530596413,0.6915232477950439,0.9418174942252932,0.927566539491812,0.9534054822968098,Intermediate extinction
8.259427420977296,7.130268199233717,0.4198451697639484,2.7752196231971107,0.11785144379897493,0.6915232477950439,0.9413219570557204,0.9271849768518505,0.9528538172246741,Intermediate extinction
8.599598343747113,7.130268199233717,0.4198451697639484,2.766212454937343,0.11620487459726915,0.6915232477950439,0.9408224646093448,0.9267937942133118,0.9523011490431534,Intermediate extinction
8.939769266516931,7.130268199233717,0.4198451697639484,2.7572052866775754,0.11461924553521322,0.6915232477950439,0.9403189898462918,0.9263925325409872,0.951747815926346,Intermediate extinction
9.279940189286748,7.130268199233717,0.4198451697639484,2.748198118417808,0.11309711979615701,0.6915232477950439,0.9398115056194641,0.9259807165546218,0.9511941713879397,Intermediate extinction
9.620111112056565,7.130268199233717,0.4198451697639484,2.73919095015804,0.11164109484209399,0.6915232477950439,0.9392999846755418,0.9255578555900805,0.9506405834288832,Intermediate extinction
9.960282034826383,7.130268199233717,0.4198451697639484,2.7301837818982726,0.11025378950914524,0.6915232477950439,0.938784399656016,0.9251234447204681,0.9500874334257131,Intermediate extinction
10.3004529575962,7.130268199233717,0.4198451697639484,2.721176613638505,0.10893782922815531,0.6915232477950439,0.9382647230982555,0.9246769661547503,0.9495351147420031,Intermediate extinction
10.640623880366018,7.130268199233717,0.4198451697639484,2.7121694453787377,0.1076958293760204,0.6915232477950439,0.9377409274366061,0.9242178909267599,0.9489840310500685,Intermediate extinction
10.980794803135835,7.130268199233717,0.4198451697639484,2.7031622771189703,0.10653037681931576,0.6915232477950439,0.9372129850035242,0.9237456808813382,0.9484345943561906,Intermediate extinction
11.320965725905651,7.130268199233717,0.4198451697639484,2.6941551088592024,0.10544400977662158,0.6915232477950439,0.9366808680307457,0.923259790956733,0.9478872227302599,Intermediate extinction
11.66113664867547,7.130268199233717,0.4198451697639484,2.685147940599435,0.10443919619812031,0.6915232477950439,0.9361445486504875,0.9227596717533463,0.9473423377497524,Intermediate extinction
12.001307571445286,7.130268199233717,0.4198451697639484,2.6761407723396675,0.10351831093809934,0.6915232477950439,0.9356039988966868,0.9222447723686941,0.9468003616782017,Intermediate extinction
12.341478494215105,7.130268199233717,0.4198451697639484,2.6671336040798996,0.1026836120745414,0.6915232477950439,0.9350591907062752,0.9217145434673419,0.9462617144094186,Intermediate extinction
12.681649416984921,7.130268199233717,0.4198451697639484,2.658126435820132,0.10193721680575323,0.6915232477950439,0.9345100959204877,0.9211684405430886,0.9457268102201942,Intermediate extinction
13.021820339754738,7.130268199233717,0.4198451697639484,2.6491192675603648,0.10128107742200276,0.6915232477950439,0.9339566862862101,0.9206059273194072,0.9451960543855051,Intermediate extinction
13.361991262524556,7.130268199233717,0.4198451697639484,2.6401120993005973,0.10071695790506502,0.6915232477950439,0.9333989334573629,0.9200264792237833,0.9446698397205899,Intermediate extinction
13.702162185294373,7.130268199233717,0.4198451697639484,2.63110493104083,0.1002464117451089,0.6915232477950439,0.932836808996323,0.919429586862909,0.9441485431229594,Intermediate extinction
14.04233310806419,7.130268199233717,0.4198451697639484,2.622097762781062,0.09987076157774866,0.6915232477950439,0.932270284375383,0.918814759419413,0.9436325221936718,Intermediate extinction
14.382504030834008,7.130268199233717,0.4198451697639484,2.6130905945212946,0.09959108123069792,0.6915232477950439,0.9316993309782491,0.918181527887623,0.9431221120204025,Intermediate extinction
14.722674953603825,7.130268199233717,0.4198451697639484,2.604083426261527,0.09940818072729111,0.6915232477950439,0.9311239201015786,0.9175294480662457,0.9426176222044296,Intermediate extinction
15.062845876373641,7.130268199233717,0.4198451697639484,2.5950762580017592,0.09932259472320694,0.6915232477950439,0.9305440229565559,0.9168581032301243,0.9421193342093992,Intermediate extinction
15.40301679914346,7.130268199233717,0.4198451697639484,2.586069089741992,0.09933457475532577,0.6915232477950439,0.9299596106705097,0.9161671064113721,0.9416274991015878,Intermediate extinction
15.743187721913277,7.130268199233717,0.4198451697639484,2.5770619214822243,0.09944408556230347,0.6915232477950439,0.9293706542885689,0.915456102231892,0.9411423357396664,Intermediate extinction
16.083358644683095,7.130268199233717,0.4198451697639484,2.568054753222457,0.09965080560163281,0.6915232477950439,0.9287771247753606,0.914724768243989,0.9406640294572765,Intermediate extinction
16.42352956745291,7.130268199233717,0.4198451697639484,2.5590475849626895,0.09995413174559833,0.6915232477950439,0.9281789930167491,0.9139728157526145,0.9401927312649,Intermediate extinction
16.76370049022273,7.130268199233717,0.4198451697639484,2.5500404167029216,0.10035318799723701,0.6915232477950439,0.9275762298216167,0.9131999901107242,0.9397285575795511,Intermediate extinction
17.103871412992543,7.130268199233717,0.4198451697639484,2.541033248443154,0.10084683793571071,0.6915232477950439,0.9269688059236864,0.9124060704972121,0.9392715904728507,Intermediate extinction
17.44404233576236,7.130268199233717,0.4198451697639484,2.5320260801833867,0.10143370048600492,0.6915232477950439,0.926356691983387,0.9115908692037876,0.9388218784111286,Intermediate extinction
17.78421325853218,7.130268199233717,0.4198451697639484,2.523018911923619,0.10211216851662663,0.6915232477950439,0.925739858589763,0.9107542304720788,0.9383794374462879,Intermediate extinction
18.124384181301995,7.130268199233717,0.4198451697639484,2.5140117436638514,0.10288042970498176,0.6915232477950439,0.925118276262426,0.9098960289343995,0.9379442528040108,Intermediate extinction
18.464555104071813,7.130268199233717,0.4198451697639484,2.505004575404084,0.10373648907508765,0.6915232477950439,0.9244919154535507,0.9090161677205282,0.9375162808069726,Intermediate extinction
18.80472602684163,7.130268199233717,0.4198451697639484,2.4959974071443165,0.10467819260571998,0.6915232477950439,0.9238607465499168,0.9081145762983002,0.9370954510652789,Intermediate extinction
19.144896949611447,7.130268199233717,0.4198451697639484,2.486990238884549,0.10570325132655561,0.6915232477950439,0.9232247398749939,0.9071912081178551,0.9366816688642986,Intermediate extinction
19.485067872381265,7.130268199233717,0.4198451697639484,2.477983070624781,0.10680926536139129,0.6915232477950439,0.9225838656910731,0.9062460381283014,0.9362748176811485,Intermediate extinction
19.825238795151083,7.130268199233717,0.4198451697639484,2.4689759023650137,0.10799374743616208,0.6915232477950439,0.921938094201444,0.9052790602317954,0.935874761764842,Intermediate extinction
20.1654097179209,7.130268199233717,0.4198451697639484,2.4599687341052463,0.10925414543989337,0.6915232477950439,0.9212873955526172,0.9042902847341776,0.9354813487209791,Intermediate extinction
20.505580640690717,7.130268199233717,0.4198451697639484,2.4509615658454784,0.11058786370360682,0.6915232477950439,0.9206317398365954,0.9032797358439402,0.9350944120492148,Intermediate extinction
20.845751563460535,7.130268199233717,0.4198451697639484,2.441954397585711,0.11199228274074965,0.6915232477950439,0.9199710970931895,0.902247449263056,0.9347137735899907,Intermediate extinction
21.185922486230353,7.130268199233717,0.4198451697639484,2.4329472293259435,0.11346477726885493,0.6915232477950439,0.9193054373123837,0.9011934699046066,0.9343392458456032,Intermediate extinction
21.52609340900017,7.130268199233717,0.4198451697639484,2.423940061066176,0.1150027324027044,0.6915232477950439,0.9186347304367481,0.9001178497636818,0.9339706341491533,Intermediate extinction
21.866264331769987,7.130268199233717,0.4198451697639484,2.4149328928064087,0.11660355797202573,0.6915232477950439,0.9179589463638999,0.8990206459600547,0.9336077386628814,Intermediate extinction
22.206435254539805,7.130268199233717,0.4198451697639484,2.4059257245466408,0.11826470097038017,0.6915232477950439,0.9172780549490125,0.8979019189639201,0.9332503561946154,Intermediate extinction
22.54660617730962,7.130268199233717,0.4198451697639484,2.3969185562868733,0.11998365618583913,0.6915232477950439,0.9165920260073759,0.8967617310096951,0.9328982818273406,Intermediate extinction
22.88677710007944,7.130268199233717,0.4198451697639484,2.387911388027106,0.12175797509839023,0.6915232477950439,0.9159008293170042,0.8956001446975936,0.9325513103621936,Intermediate extinction
23.226948022849257,7.130268199233717,0.4198451697639484,2.378904219767338,0.12358527315432498,0.6915232477950439,0.9152044346212955,0.8944172217784063,0.9322092375794585,Intermediate extinction
23.56711894561907,7.130268199233717,0.4198451697639484,2.3698970515075706,0.12546323554503275,0.6915232477950439,0.9145028116317397,0.8932130221136156,0.9318718613254423,Intermediate extinction
23.90728986838889,7.130268199233717,0.4198451697639484,2.360889883247803,0.12738962162773684,0.6915232477950439,0.9137959300306805,0.8919876028005451,0.9315389824355436,Intermediate extinction
24.24746079115871,7.130268199233717,0.4198451697639484,2.3518827149880357,0.12936226812992224,0.6915232477950439,0.9130837594741248,0.8907410174506073,0.9312104055054519,Intermediate extinction
24.587631713928527,7.130268199233717,0.4198451697639484,2.342875546728268,0.1313790912786665,0.6915232477950439,0.9123662695946065,0.8894733156077445,0.9308859395233993,Intermediate extinction
24.927802636698342,7.130268199233717,0.4198451697639484,2.3338683784685004,0.13343808799188034,0.6915232477950439,0.9116434300041019,0.8881845422937236,0.9305653983768009,Intermediate extinction
25.26797355946816,7.130268199233717,0.4198451697639484,2.324861210208733,0.13553733626156217,0.6915232477950439,0.9109152102969951,0.886874737666974,0.9302486012466059,Intermediate extinction
25.60814448223798,7.130268199233717,0.4198451697639484,2.315854041948965,0.13767499485041243,0.6915232477950439,0.9101815800530993,0.8855439367820046,0.929935372902326,Intermediate extinction
25.948315405007794,7.130268199233717,0.4198451697639484,2.3068468736891976,0.1398493024132503,0.6915232477950439,0.9094425088407297,0.8841921694370418,0.9296255439101034,Intermediate extinction
26.288486327777612,7.130268199233717,0.4198451697639484,2.29783970542943,0.14205857614419043,0.6915232477950439,0.9086979662198285,0.8828194600982958,0.9293189507654132,Intermediate extinction
26.62865725054743,7.130268199233717,0.4198451697639484,2.2888325371696627,0.14430121003992688,0.6915232477950439,0.907947921745145,0.88142582789014845,0.9290154359611095,Intermediate extinction
26.968828173317245,7.130268199233717,0.4198451697639484,2.2798253689098953,0.1465756728590723,0.6915232477950439,0.907192344969471,0.8800112866414856,0.9287148480005915,Intermediate extinction
27.308999096087064,7.130268199233717,0.4198451697639484,2.270818200650128,0.14888050584755153,0.6915232477950439,0.9064312054469268,0.8785758449793498,0.9284170413649145,Intermediate extinction
27.649170018856882,7.130268199233717,0.4198451697639484,2.26181103239036,0.15121432029072576,0.6915232477950439,0.9056644727363055,0.877119506462025,0.9281218764417314,Intermediate extinction
27.989340941626697,7.130268199233717,0.4198451697639484,2.2528038641305925,0.1535757949443203,0.6915232477950439,0.90489211640447,0.8756422697445637,0.9278292194230516,Intermediate extinction
28.329511864396515,7.130268199233717,0.4198451697639484,2.243796695870825,0.15596367338840153,0.6915232477950439,0.9041141060298067,0.8741441287706195,0.9275389421779503,Intermediate extinction
28.669682787166334,7.130268199233717,0.4198451697639484,2.234789527611057,0.15837676134161352,0.6915232477950439,0.9033304112057322,0.8726250729852312,0.9272509221055757,Intermediate extinction
29.00985370993615,7.130268199233717,0.4198451697639484,2.2257823593512898,0.16081392396662408,0.6915232477950439,0.9025410015442593,0.8710850875639317,0.9269650419730762,Intermediate extinction
29.350024632705967,7.130268199233717,0.4198451697639484,2.2167751910915223,0.16327408319221473,0.6915232477950439,0.901745846679616,0.8695241536542057,0.9266811897424104,Intermediate extinction
29.690195555475785,7.130268199233717,0.4198451697639484,2.207768022831755,0.1657562150726292,0.6915232477950439,0.9009449162719216,0.8679422486259115,0.9263992583894217,Intermediate extinction
30.0303664782456,7.130268199233717,0.4198451697639484,2.1987608545719874,0.16825934720062205,0.6915232477950439,0.9001381800109199,0.8663393463278017,0.9261191457180251,Intermediate extinction
30.37053740101542,7.130268199233717,0.4198451697639484,2.1897536863122196,0.170782556187058,0.6915232477950439,0.8993256076197684,0.8647154173477395,0.9258407541719004,Intermediate extinction
30.710708323785237,7.130268199233717,0.4198451697639484,2.180746518052452,0.17332496521684954,0.6915232477950439,0.898507168858884,0.863070429274616,0.9255639906456703,Intermediate extinction
31.050879246555056,7.130268199233717,0.4198451697639484,2.1717393497926842,0.17588574168842944,0.6915232477950439,0.8976828335298468,0.8614043469603208,0.9252887662971966,Intermediate extinction
31.39105016932487,7.130268199233717,0.4198451697639484,2.162732181532917,0.1784640949417728,0.6915232477950439,0.8968525714793598,0.8597171327804263,0.9250149963623158,Intermediate extinction
31.73122109209469,7.130268199233717,0.4198451697639484,2.1537250132731494,0.1810592740781692,0.6915232477950439,0.8960163526032673,0.858008746892508,0.9247425999730692,Intermediate extinction
32.07139201486451,7.130268199233717,0.4198451697639484,2.144717845013382,0.18367056587344488,0.6915232477950439,0.8951741468506297,0.856279147491248,0.9244714999802662,Intermediate extinction
32.41156293763433,7.130268199233717,0.4198451697639484,2.135710676753614,0.18629729278510643,0.6915232477950439,0.8943259242278558,0.8545282910596574,0.9242016227810144,Intermediate extinction
32.751733860404144,7.130268199233717,0.4198451697639484,2.1267035084938466,0.1889388110528861,0.6915232477950439,0.8934716548028949,0.8527561326159189,0.9239328981516965,Intermediate extinction
33.09190478317396,7.130268199233717,0.4198451697639484,2.117696340234079,0.19159450889137478,0.6915232477950439,0.8926113087094834,0.8509626259554763,0.9236652590867354,Intermediate extinction
33.43207570594378,7.130268199233717,0.4198451697639484,2.1086891719743113,0.19426380477280458,0.6915232477950439,0.891744856151452,0.849147723888129,0.9233986416433662,Intermediate extinction
33.772246628713596,7.130268199233717,0.4198451697639484,2.099682003714544,0.19694614579756542,0.6915232477950439,0.8908722674070902,0.8473113784699556,0.9231329847925542,Intermediate extinction
0.095279790619976,7.130268199233717,0.4395129951471778,3.051079061774989,0.21543427759728603,0.6969884063556635,0.954829089837793,0.9326940056894844,0.9699193333711157,High extinction
0.24337774406091883,7.130268199233717,0.4395129951471778,3.0437033714204023,0.21266890507040104,0.6969884063556635,0.9545099033108647,0.9325711397177979,0.9695437515635351,High extinction
0.3914756975018616,7.130268199233717,0.4395129951471778,3.036327681065815,0.2099137085988387,0.6969884063556635,0.9541885695619791,0.9324468093767128,0.9691642254616827,High extinction
0.5395736509428045,7.130268199233717,0.4395129951471778,3.0289519907112274,0.2071690941851349,0.6969884063556635,0.9538650756798218,0.9323209577174059,0.9687807495448612,High extinction
0.6876716043837473,7.130268199233717,0.4395129951471778,3.0215763003566405,0.20443548803267156,0.6969884063556635,0.9535394086972091,0.9321935248542239,0.9683933206272836,High extinction
0.8357695578246901,7.130268199233717,0.4395129951471778,3.014200610002053,0.20171333769168587,0.6969884063556635,0.9532115555911678,0.9320644477894097,0.9680019380310614,High extinction
0.983867511265633,7.130268199233717,0.4395129951471778,3.0068249196474657,0.1990031132725812,0.6969884063556635,0.9528815032830236,0.9319336602266501,0.9676066037704674,High extinction
1.1319654647065758,7.130268199233717,0.4395129951471778,2.9994492292928783,0.19630530872988552,0.6969884063556635,0.9525492386384945,0.9318010923727722,0.9672073227481595,High extinction
1.2800634181475186,7.130268199233717,0.4395129951471778,2.9920735389382913,0.19362044322020266,0.6969884063556635,0.9522147484677904,0.9316666707268885,0.9668041029640577,High extinction
1.4281613715884613,7.130268199233717,0.4395129951471778,2.984697848583704,0.19094906253746308,0.6969884063556635,0.9518780195257198,0.931530317856278,0.9663969557376023,High extinction
1.5762593250294041,7.130268199233717,0.4395129951471778,2.9773221582291165,0.18829174062868617,0.6969884063556635,0.9515390385118011,0.9313919521582635,0.9659858959441286,High extinction
1.724357278470347,7.130268199233717,0.4395129951471778,2.9699464678745295,0.18564908119331225,0.6969884063556635,0.9511977920703835,0.9312514876073449,0.965570942266108,High extinction
1.87245523191129,7.130268199233717,0.4395129951471778,2.962570777519942,0.1830217193689259,0.6969884063556635,0.950854266790771,0.9311088334868374,0.9651521174600062,High extinction
2.0205531853522327,7.130268199233717,0.4395129951471778,2.9551950871653547,0.18041032350586503,0.6969884063556635,0.9505084492073566,0.9309638941042774,0.9647294486395078,High extinction
2.1686511387931753,7.130268199233717,0.4395129951471778,2.9478193968107678,0.17781559703276892,0.6969884063556635,0.9501603257997593,0.9308165684898655,0.9643029675758313,High extinction
2.316749092234118,7.130268199233717,0.4395129951471778,2.9404437064561804,0.1752382804145414,0.6969884063556635,0.9498098829929726,0.930666750077263,0.9638727110158323,High extinction
2.464847045675061,7.130268199233717,0.4395129951471778,2.933068016101593,0.17267915320346872,0.6969884063556635,0.9494571071575162,0.9305143263660968,0.9634387210185412,High extinction
2.612944999116004,7.130268199233717,0.4395129951471778,2.9256923257470056,0.17013903618330736,0.6969884063556635,0.9491019846095965,0.9303591785656058,0.9630010453107052,High extinction
2.7610429525569464,7.130268199233717,0.4395129951471778,2.9183166353924186,0.16761879360500934,0.6969884063556635,0.9487445016112745,0.9302011812189587,0.9625597376618107,High extinction
2.9091409059978894,7.130268199233717,0.4395129951471778,2.910940945037831,0.16511933551134722,0.6969884063556635,0.94838464437064,0.9300402018079026,0.9621148582789361,High extinction
3.057238859438832,7.130268199233717,0.4395129951471778,2.903565254683244,0.1626416201459982,0.6969884063556635,0.9480223990419937,0.9298761003375678,0.9616664742216053,High extinction
3.205336812879775,7.130268199233717,0.4395129951471778,2.896189564328657,0.16018665644059646,0.6969884063556635,0.9476577517260376,0.9297087289014654,0.9612146598366208,High extinction
3.3534347663207176,7.130268199233717,0.4395129951471778,2.8888138739740694,0.1577555065708211,0.6969884063556635,0.9472906884700714,0.9295379312269701,0.9607594972125789,High extinction
3.5015327197616606,7.130268199233717,0.4395129951471778,2.881438183619482,0.1553492885696979,0.6969884063556635,0.9469211952681973,0.9293635422019109,0.960301076653461,High extinction
3.6496306732026036,7.130268199233717,0.4395129951471778,2.874062493264895,0.1529691789828995,0.6969884063556635,0.9465492580615341,0.9291853873832657,0.9598394971702974,High extinction
3.797728626643546,7.130268199233717,0.4395129951471778,2.8666868029103076,0.15061641554687727,0.6969884063556635,0.9461748627384362,0.929003282489435,0.9593748669894477,High extinction
3.945826580084489,7.130268199233717,0.4395129951471778,2.8593111125557202,0.14829229986608564,0.6969884063556635,0.9457979951347225,0.9288170328781093,0.958907304075475,High extinction
4.093924533525432,7.130268199233717,0.4395129951471778,2.851935422201133,0.14599820006031822,0.6969884063556635,0.9454186410339142,0.928626433012409,0.9584369366659532,High extinction
4.242022486966375,7.130268199233717,0.4395129951471778,2.844559731846546,0.14373555334720958,0.6969884063556635,0.9450367861674785,0.9284312659187196,0.9579639038147807,High extinction
4.390120440407318,7.130268199233717,0.4395129951471778,2.8371840414919585,0.14150586851823688,0.6969884063556635,0.9446524162150827,0.928231302640534,0.957488355939701,High extinction
4.53821839384826,7.130268199233717,0.4395129951471778,2.829808351137371,0.13931072825905674,0.6969884063556635,0.9442655168048546,0.9280263016936066,0.957010455368727,High extinction
4.686316347289203,7.130268199233717,0.4395129951471778,2.822432660782784,0.1371517912567428,0.6969884063556635,0.9438760735136544,0.9278160085288629,0.9565303768790339,High extinction
4.834414300730146,7.130268199233717,0.4395129951471778,2.8150569704281967,0.13503079402748738,0.6969884063556635,0.9434840718673527,0.9276001550107771,0.956048308220615,High extinction
4.982512254171089,7.130268199233717,0.4395129951471778,2.8076812800736093,0.13294955238868048,0.6969884063556635,0.9430894973411175,0.9273784589203243,0.9555644506155963,High extinction
5.130610207612032,7.130268199233717,0.4395129951471778,2.800305589719022,0.13090996248912246,0.6969884063556635,0.9426923353597111,0.9271506234931495,0.9550790192225774,High extinction
5.2787081610529745,7.130268199233717,0.4395129951471778,2.792929899364435,0.1289140013006834,0.6969884063556635,0.9422925712977961,0.9269163370052139,0.954592243553744,High extinction
5.4268061144939175,7.130268199233717,0.4395129951471778,2.7855542090098475,0.12696372646428558,0.6969884063556635,0.9418901904802484,0.9266752724198959,0.9541043678307786,High extinction
5.5749040679348605,7.130268199233717,0.4395129951471778,2.77817851865526,0.12506127537307243,0.6969884063556635,0.9414851781824817,0.9264270871122612,0.953615651263866,High extinction
5.7230020213758035,7.130268199233717,0.4395129951471778,2.770802828300673,0.12320886336654992,0.6969884063556635,0.9410775196307809,0.926171422687941,0.9531263682363561,High extinction
5.871099974816746,7.130268199233717,0.4395129951471778,2.7634271379460857,0.12140878090200506,0.6969884063556635,0.9406672000026428,0.9259079049156814,0.9526368083760314,High extinction
6.019197928257689,7.130268199233717,0.4395129951471778,2.7560514475914983,0.11966338956439918,0.6969884063556635,0.9402542044271289,0.9256361437940572,0.952147276492492,High extinction
6.167295881698632,7.130268199233717,0.4395129951471778,2.7486757572369114,0.11797511677412077,0.6969884063556635,0.9398385179852269,0.9253557337739592,0.9516580923590536,High extinction
6.315393835139575,7.130268199233717,0.4395129951471778,2.741300066882324,0.11634644905449369,0.6969884063556635,0.9394201257102208,0.9250662541591461,0.9511695903168772,High extinction
6.463491788580518,7.130268199233717,0.4395129951471778,2.7339243765277366,0.11477992372888453,0.6969884063556635,0.9389990125880728,0.9247672697072105,0.9506821186789867,High extinction
6.61158974202146,7.130268199233717,0.4395129951471778,2.7265486861731496,0.11327811893178395,0.6969884063556635,0.9385751635578139,0.9244583314526121,0.9501960389125284,High extinction
6.759687695462403,7.130268199233717,0.4395129951471778,2.719172995818562,0.11184364184044804,0.6969884063556635,0.9381485635119444,0.9241389777717773,0.9497117245792799,High extinction
6.907785648903346,7.130268199233717,0.4395129951471778,2.711797305463975,0.11047911506452988,0.6969884063556635,0.937719197296845,0.9238087357075006,0.9492295600171818,High extinction
7.055883602344289,7.130268199233717,0.4395129951471778,2.7044216151093874,0.10918716117128902,0.6969884063556635,0.937287049713199,0.9234671225658527,0.9487499387496917,High extinction
7.203981555785232,7.130268199233717,0.4395129951471778,2.6970459247548004,0.10797038537369696,0.6969884063556635,0.9368521055164228,0.9231136477934144,0.9482732616151531,High extinction
7.352079509226174,7.130268199233717,0.4395129951471778,2.689670234400213,0.10683135646775443,0.6969884063556635,0.9364143494171093,0.9227478151358376,0.9477999346151788,High extinction
7.500177462667117,7.130268199233717,0.4395129951471778,2.6822945440456256,0.10577258617256359,0.6969884063556635,0.9359737660814796,0.9223691250705777,0.9473303664892201,High extinction
7.64827541610806,7.130268199233717,0.4395129951471778,2.6749188536910387,0.10479650710028722,0.6969884063556635,0.9355303401318479,0.9219770774972366,0.9468649660318834,High extinction
7.796373369549003,7.130268199233717,0.4395129951471778,2.6675431633364513,0.10390544966027958,0.6969884063556635,0.9350840561470944,0.9215711746586124,0.9464041391799062,High extinction
7.944471322989945,7.130268199233717,0.4395129951471778,2.660167472981864,0.10310161827869352,0.6969884063556635,0.9346348986631523,0.9211509242546677,0.9459482859065947,High extinction
8.092569276430888,7.130268199233717,0.4395129951471778,2.6527917826272764,0.10238706738725431,0.6969884063556635,0.934182852173503,0.9207158427006947,0.9454977969724424,High extinction
8.24066722987183,7.130268199233717,0.4395129951471778,2.6454160922726895,0.10176367769757079,0.6969884063556635,0.933727901129685,0.9202654584706692,0.9450530505909549,High extinction
8.388765183312774,7.130268199233717,0.4395129951471778,2.638040401918102,0.10123313332503428,0.6969884063556635,0.9332700299418111,0.9197993154577876,0.9446144090776865,High extinction
8.536863136753716,7.130268199233717,0.4395129951471778,2.6306647115635147,0.10079690035397644,0.6969884063556635,0.9328092229791005,0.919316976277248,0.9441822155574405,High extinction
8.68496109019466,7.130268199233717,0.4395129951471778,2.6232890212089277,0.10045620743901759,0.6969884063556635,0.9323454645704202,0.9188180254321201,0.9437567908087949,High extinction
8.833059043635602,7.130268199233717,0.4395129951471778,2.6159133308543403,0.1002120290134303,0.6969884063556635,0.9318787390048379,0.9183020722622136,0.9433384303260491,High extinction
8.981156997076544,7.130268199233717,0.4395129951471778,2.608537640499753,0.10006507162263188,0.6969884063556635,0.931409030532188,0.9177687535985802,0.9429274016759677,High extinction
9.129254950517488,7.130268199233717,0.4395129951471778,2.6011619501451655,0.10001576382047227,0.6969884063556635,0.9309363233636485,0.9172177360527894,0.942523942220187,High extinction
9.27735290395843,7.130268199233717,0.4395129951471778,2.5937862597905785,0.10006424996090622,0.6969884063556635,0.9304606016723305,0.9166487178802264,0.942128257264043,High extinction
9.425450857399374,7.130268199233717,0.4395129951471778,2.586410569435991,0.10021038809315698,0.6969884063556635,0.9299818495938789,0.9160614303699617,0.9417405186792827,High extinction
9.573548810840316,7.130268199233717,0.4395129951471778,2.579034879081404,0.10045375203156796,0.6969884063556635,0.9295000512270869,0.9154556387294566,0.9413608640323952,High extinction
9.721646764281259,7.130268199233717,0.4395129951471778,2.5716591887268168,0.10079363753012657,0.6969884063556635,0.9290151906345204,0.9148311424496375,0.9409893962330459,High extinction
9.869744717722202,7.130268199233717,0.4395129951471778,2.5642834983722294,0.10122907235466264,0.6969884063556635,0.9285272518431578,0.9141877751536017,0.9406261836993518,High extinction
10.017842671163145,7.130268199233717,0.4395129951471778,2.556907808017642,0.10175882992110657,0.6969884063556635,0.9280362188450394,0.9135254039493564,0.9402712610196081,High extinction
10.165940624604088,7.130268199233717,0.4395129951471778,2.5495321176630545,0.10238144606292711,0.6969884063556635,0.9275420755979323,0.912843928322549,0.9399246300745122,High extinction
10.31403857804503,7.130268199233717,0.4395129951471778,2.5421564273084676,0.10309523841019817,0.6969884063556635,0.9270448060260058,0.9121432786182797,0.9395862615708049,High extinction
10.462136531485973,7.130268199233717,0.4395129951471778,2.53478073695388,0.10389832780979363,0.6969884063556635,0.9265443940205204,0.9114234141712056,0.9392560969271254,High extinction
10.610234484926917,7.130268199233717,0.4395129951471778,2.527405046599293,0.10478866119186397,0.6969884063556635,0.9260408234405308,0.9106843211499057,0.9389340504461168,High extinction
10.758332438367859,7.130268199233717,0.4395129951471778,2.520029356244706,0.10576403529078952,0.6969884063556635,0.925534078113601,0.9099260101848176,0.9386200117034812,High extinction
10.906430391808803,7.130268199233717,0.4395129951471778,2.5126536658901184,0.1068221206562371,0.6969884063556635,0.9250241418365327,0.909148513849161,0.9383138480845754,High extinction
11.054528345249745,7.130268199233717,0.4395129951471778,2.505277975535531,0.10796048543747921,0.6969884063556635,0.9245109983761067,0.9083518840594978,0.9380154074019029,High extinction
11.202626298690687,7.130268199233717,0.4395129951471778,2.497902285180944,0.10917661848671097,0.6969884063556635,0.9239946314698398,0.9075361894574753,0.937724520531966,High extinction
11.35072425213163,7.130268199233717,0.4395129951471778,2.4905265948263566,0.11046795139942492,0.6969884063556635,0.9234750248267517,0.9067015128274394,0.9374410040167943,High extinction
11.498822205572573,7.130268199233717,0.4395129951471778,2.4831509044717692,0.11183187918690608,0.6969884063556635,0.9229521621281497,0.9058479485966119,0.9371646625834658,High extinction
11.646920159013515,7.130268199233717,0.4395129951471778,2.4757752141171823,0.11326577935307734,0.6969884063556635,0.9224260270284235,0.904975600455959,0.9368952915434965,High extinction
11.795018112454459,7.130268199233717,0.4395129951471778,2.468399523762595,0.11476702922155575,0.6969884063556635,0.921896603155856,0.9040845791312615,0.9366326790425984,High extinction
11.943116065895401,7.130268199233717,0.4395129951471778,2.4610238334080075,0.11633302142607252,0.6969884063556635,0.9213638741134482,0.90317500032563,0.9363766081395652,High extinction
12.091214019336345,7.130268199233717,0.4395129951471778,2.45364814305342,0.1179611775364796,0.6969884063556635,0.9208278234797572,0.9022469828471086,0.9361268587006506,High extinction
12.239311972777287,7.130268199233717,0.4395129951471778,2.446272452698833,0.11964895984237746,0.6969884063556635,0.9202884348097486,0.9013006469282816,0.9358832091025295,High extinction
12.38740992621823,7.130268199233717,0.4395129951471778,2.4388967623442457,0.12139388135663608,0.6969884063556635,0.9197456916356634,0.9003361127390622,0.9356454377426714,High extinction
12.535507879659173,7.130268199233717,0.4395129951471778,2.4315210719896587,0.1231935141320005,0.6969884063556635,0.9191995774679005,0.8993534990891242,0.9354133243606645,High extinction
12.683605833100115,7.130268199233717,0.4395129951471778,2.4241453816350713,0.12504549600625353,0.6969884063556635,0.9186500757959111,0.8983529223127423,0.9351866511777381,High extinction
12.831703786541059,7.130268199233717,0.4395129951471778,2.416769691280484,0.12694753590599828,0.6969884063556635,0.9180971700891105,0.8973344953260239,0.9349652038645008,High extinction
12.979801739982001,7.130268199233717,0.4395129951471778,2.4093940009258965,0.12889741784712236,0.6969884063556635,0.9175408437978029,0.8962983268445938,0.9347487723488356,High extinction
13.127899693422943,7.130268199233717,0.4395129951471778,2.4020183105713095,0.13089300377255758,0.6969884063556635,0.9169810803541215,0.8952445207485801,0.9345371514771156,High extinction
13.275997646863887,7.130268199233717,0.4395129951471778,2.394642620216722,0.13293223536616727,0.6969884063556635,0.9164178631729837,0.8941731755811545,0.9343301415424852,High extinction
13.42409560030483,7.130268199233717,0.4395129951471778,2.3872669298621347,0.13501313497651105,0.6969884063556635,0.9158511756530613,0.8930843841667679,0.9341275486940707,High extinction
13.572193553745773,7.130268199233717,0.4395129951471778,2.3798912395075478,0.13713380577677148,0.6969884063556635,0.9152810011777663,0.8919782333354983,0.9339291852407108,High extinction
13.720291507186715,7.130268199233717,0.4395129951471778,2.3725155491529604,0.13929243127806032,0.6969884063556635,0.9147073231162501,0.8908548037404792,0.9337348698622363,High extinction
13.868389460627657,7.130268199233717,0.4395129951471778,2.365139858798373,0.141487274303314,0.6969884063556635,0.9141301248244209,0.8897141697561474,0.9335444277405697,High extinction
14.016487414068601,7.130268199233717,0.4395129951471778,2.3577641684437856,0.1437166755185545,0.6969884063556635,0.9135493896459737,0.8885563994459243,0.933357690622027,High extinction
14.164585367509543,7.130268199233717,0.4395129951471778,2.3503884780891986,0.14597905160784516,0.6969884063556635,0.9129651009134377,0.8873815545889218,0.9331744968212394,High extinction
14.312683320950487,7.130268199233717,0.4395129951471778,2.343012787734611,0.14827289316811268,0.6969884063556635,0.9123772419492393,0.8861896907562434,0.9329946911761178,High extinction
14.46078127439143,7.130268199233717,0.4395129951471778,2.335637097380024,0.15059676239034947,0.6969884063556635,0.9117857960667789,0.8849808574284501,0.9328181249623031,High extinction
14.608879227832372,7.130268199233717,0.4395129951471778,2.328261407025437,0.15294929058470452,0.6969884063556635,0.9111907465715261,0.8837550981466987,0.9326446557745851,High extinction
14.756977181273314,7.130268199233717,0.4395129951471778,2.3208857166708494,0.1553291755986929,0.6969884063556635,0.9105920767621283,0.8825124506909791,0.932474147381871,High extinction
