richness,mean_age,lambda_mean,fit,se.fit,residual.scale,predicted,conf.low,conf.high,corrected
1,23.83454174712646,0.40793391277076535,2.7354085785112106,0.11321103778727447,0.6973993275670676,0.9390839721081148,0.9250838535000827,0.9506074788466461,Not corrected
2.2525252525252526,23.83454174712646,0.40793391277076535,2.7160794137771846,0.10977110649359471,0.6973993275670676,0.9379688123267302,0.9242068537824144,0.9493688685854205,Not corrected
3.505050505050505,23.83454174712646,0.40793391277076535,2.696750249043159,0.10678803777092594,0.6973993275670676,0.9368346110114016,0.9232570167563312,0.9481449371151269,Not corrected
4.757575757575758,23.83454174712646,0.40793391277076535,2.6774210843091333,0.10430103857240092,0.6973993275670676,0.9356810936055047,0.9222265681320558,0.9469419462131135,Not corrected
6.01010101010101,23.83454174712646,0.40793391277076535,2.658091919575108,0.10234627853409423,0.6973993275670676,0.9345079834609038,0.9211076910850461,0.9457661775947654,Not corrected
7.262626262626263,23.83454174712646,0.40793391277076535,2.638762754841082,0.1009546792301154,0.6973993275670676,0.933315001896415,0.9198928132428648,0.9446236468212075,Not corrected
8.515151515151516,23.83454174712646,0.40793391277076535,2.6194335901070565,0.10014971908753795,0.6973993275670676,0.9321018682598412,0.9185749203929937,0.9435197905939537,Not corrected
9.767676767676768,23.83454174712646,0.40793391277076535,2.6001044253730305,0.09994557346050999,0.6973993275670676,0.9308682999936787,0.9171478578951309,0.9424591664584695,Not corrected
11.02020202020202,23.83454174712646,0.40793391277076535,2.5807752606390046,0.10034590934147643,0.6973993275670676,0.929614012704595,0.9156065753799706,0.9414452093401964,Not corrected
12.272727272727273,23.83454174712646,0.40793391277076535,2.561446095904979,0.10134356336228552,0.6973993275670676,0.9283387202367702,0.9139472763929686,0.9404800832600884,Not corrected
13.525252525252526,23.83454174712646,0.40793391277076535,2.5421169311709533,0.1029211668926442,0.6973993275670676,0.927042134749202,0.9121674519430336,0.9395646492752655,Not corrected
14.777777777777779,23.83454174712646,0.40793391277076535,2.522787766436928,0.10505259540012152,0.6973993275670676,0.9257239667970723,0.9102658001618573,0.938698547444556,Not corrected
16.03030303030303,23.83454174712646,0.40793391277076535,2.503458601702902,0.10770497412951693,0.6973993275670676,0.9243839254172659,0.9082420555107482,0.9378803693874757,Not corrected
17.282828282828284,23.83454174712646,0.40793391277076535,2.484129436968876,0.11084091099570755,0.6973993275670676,0.9230217182181455,0.9060967636051717,0.9371078853717222,Not corrected
18.535353535353536,23.83454174712646,0.40793391277076535,2.4648002722348505,0.11442065414363344,0.6973993275670676,0.9216370514736685,0.9038310395069171,0.9363782880843883,Not corrected
19.78787878787879,23.83454174712646,0.40793391277076535,2.4454711075008246,0.11840395721907172,0.6973993275670676,0.9202296302219464,0.9014463404365918,0.935688422139104,Not corrected
21.04040404040404,23.83454174712646,0.40793391277076535,2.426141942766799,0.12275153979398679,0.6973993275670676,0.918799158368335,0.8989442727403281,0.93503497948987635,Not corrected
22.292929292929294,23.83454174712646,0.40793391277076535,2.4068127780327733,0.1274261213591383,0.6973993275670676,0.917345338793148,0.8963264418274928,0.9344146520391813,Not corrected
23.545454545454547,23.83454174712646,0.40793391277076535,2.3874836132987474,0.13239306905443782,0.6973993275670676,0.9158678734640816,0.8935943452418318,0.9338242412818486,Not corrected
24.7979797979798,23.83454174712646,0.40793391277076535,2.368154448564722,0.13762073066530564,0.6973993275670676,0.9143664635534388,0.8907493038057486,0.9332607300485928,Not corrected
26.050505050505052,23.83454174712646,0.40793391277076535,2.348825283830696,0.14308053232439497,0.6973993275670676,0.9128408095602362,0.8877924234676015,0.9327213237223633,Not corrected
27.303030303030305,23.83454174712646,0.40793391277076535,2.3294961190966705,0.1487469139101448,0.6973993275670676,0.911290611437277,0.8847245801884116,0.9322034685936245,Not corrected
28.555555555555557,23.83454174712646,0.40793391277076535,2.3101669543626446,0.15459716204229623,0.6973993275670676,0.9097155687232674,0.8815464210380882,0.9317048541863385,Not corrected
29.80808080808081,23.83454174712646,0.40793391277076535,2.290837789628619,0.16061118600973012,0.6973993275670676,0.9081153806800562,0.8782583759660922,0.9312234050909075,Not corrected
31.060606060606062,23.83454174712646,0.40793391277076535,2.2715086248945933,0.16677126874120865,0.6973993275670676,0.9064897464350644,0.8748606760565597,0.930757266494461,Not corrected
32.313131313131315,23.83454174712646,0.40793391277076535,2.2521794601605674,0.17306181418739638,0.6973993275670676,0.9048383651289796,0.8713533752656214,0.9303047864103104,Not corrected
33.56565656565657,23.83454174712646,0.40793391277076535,2.232850295426542,0.17946910438371713,0.6973993275670676,0.9031609360687768,0.8677363735939737,0.9298644966521461,Not corrected
34.81818181818182,23.83454174712646,0.40793391277076535,2.213521130692516,0.185981073695509,0.6973993275670676,0.9014571588861254,0.8640094403690893,0.9294350938762135,Not corrected
36.07070707070707,23.83454174712646,0.40793391277076535,2.19419196595849,0.19258710383552516,0.6973993275670676,0.8997267337012395,0.8601722368306046,0.9290154214944689,Not corrected
37.323232323232325,23.83454174712646,0.40793391277076535,2.1748628012244646,0.19927784071681548,0.6973993275670676,0.8979693612922212,0.8562243375712287,0.9286044529017494,Not corrected
38.57575757575758,23.83454174712646,0.40793391277076535,2.1555336364904387,0.2060450326601877,0.6973993275670676,0.8961847432699417,0.852165250624129,0.9282012762201285,Not corrected
39.82828282828283,23.83454174712646,0.40793391277076535,2.1362044717564133,0.21288138860243114,0.6973993275670676,0.8943725822584989,0.8479944361399212,0.9278050806101569,Not corrected
41.08080808080808,23.83454174712646,0.40793391277076535,2.1168753070223874,0.21978045451959774,0.6973993275670676,0.8925325820812832,0.8437113236884045,0.9274151441052707,Not corrected
42.333333333333336,23.83454174712646,0.40793391277076535,2.097546142288362,0.22673650612674348,0.6973993275670676,0.8906644479526794,0.8393153282715389,0.9270308228728477,Not corrected
43.58585858585859,23.83454174712646,0.40793391277076535,2.078216977554336,0.23374445593096912,0.6973993275670676,0.8887678866754227,0.8348058651588297,0.9266515417792058,Not corrected
44.83838383838384,23.83454174712646,0.40793391277076535,2.05888781282031,0.24079977282494872,0.6973993275670676,0.8868426068436179,0.8301823636639831,0.9262767861265687,Not corrected
46.09090909090909,23.83454174712646,0.40793391277076535,2.0395586480862846,0.24789841256613418,0.6973993275670676,0.884888319051428,0.8254442799790267,0.9259060944310721,Not corrected
47.343434343434346,23.83454174712646,0.40793391277076535,2.0202294833522587,0.2550367576629921,0.6973993275670676,0.8829047361074259,0.8205911091734819,0.9255390521178438,Not corrected
48.5959595959596,23.83454174712646,0.40793391277076535,2.000900318618233,0.2622115653663553,0.6973993275670676,0.8808915732545956,0.8156223964544669,0.9251752860192153,Not corrected
49.84848484848485,23.83454174712646,0.40793391277076535,1.9815711538842073,0.26941992263134,0.6973993275670676,0.8788485483959584,0.810537747770635,0.9248144595734032,Not corrected
51.101010101010104,23.83454174712646,0.40793391277076535,1.9622419891501819,0.2766592070682996,0.6973993275670676,0.8767753823257942,0.8053368398297173,0.9244562686324453,Not corrected
52.35353535353536,23.83454174712646,0.40793391277076535,1.942912824416156,0.2839270530379651,0.6973993275670676,0.8746717989664125,0.8000194295868178,0.9241004377991191,Not corrected
53.60606060606061,23.83454174712646,0.40793391277076535,1.92358365968213,0.29122132216609203,0.6973993275670676,0.8725375256104199,0.7945853632488248,0.9237467172227137,Not corrected
54.85858585858586,23.83454174712646,0.40793391277076535,1.9042544949481046,0.29854007765740653,0.6973993275670676,0.8703722931684241,0.789034584829563,0.9233948797926699,Not corrected
56.111111111111114,23.83454174712646,0.40793391277076535,1.8849253302140787,0.30588156187876703,0.6973993275670676,0.8681758364220901,0.7833671442806449,0.9230447186772494,Not corrected
57.36363636363637,23.83454174712646,0.40793391277076535,1.865596165480053,0.31324417675876726,0.6973993275670676,0.8659478942824704,0.7775832052143872,0.9226960451615568,Not corrected
58.61616161616162,23.83454174712646,0.40793391277076535,1.8462670007460273,0.3206264666170618,0.6973993275670676,0.8636882100535036,0.771683052227591,0.9223486867454797,Not corrected
59.86868686868687,23.83454174712646,0.40793391277076535,1.8269378360120014,0.32802710309300065,0.6973993275670676,0.8613965317005711,0.7656670978283787,0.9220024854675324,Not corrected
61.121212121212125,23.83454174712646,0.40793391277076535,1.807608671277976,0.3354448718910611,0.6973993275670676,0.8590726121239851,0.7595358889625673,0.9216572964252755,Not corrected
62.37373737373738,23.83454174712646,0.40793391277076535,1.78827950654395,0.3428786611012924,0.6973993275670676,0.856716209437272,0.7532901131311689,0.9213129864670069,Not corrected
63.62626262626263,23.83454174712646,0.40793391277076535,1.7689503418099244,0.35032745088759404,0.6973993275670676,0.8543270872500938,0.7469306040864947,0.9209694330328982,Not corrected
64.87878787878788,23.83454174712646,0.40793391277076535,1.7496211770758987,0.3577903043660692,0.6973993275670676,0.8519050149556455,0.7404583470909197,0.9206265231267192,Not corrected
66.13131313131314,23.83454174712646,0.40793391277076535,1.730292012341873,0.3652663595207058,0.6973993275670676,0.8494497680223436,0.7338744837196304,0.9202841524018553,Not corrected
67.3838383838384,23.83454174712646,0.40793391277076535,1.7109628476078471,0.37275482202492666,0.6973993275670676,0.8469611282896106,0.7271803161865537,0.919942224347516,Not corrected
68.63636363636364,23.83454174712646,0.40793391277076535,1.6916336828738214,0.38025495885568683,0.6973993275670676,0.8444388842675439,0.7203773111711436,0.9196006495629138,Not corrected
69.88888888888889,23.83454174712646,0.40793391277076535,1.672304518139796,0.3877660926022614,0.6973993275670676,0.8418828314402426,0.7134671031227333,0.9192593451088122,Not corrected
71.14141414141415,23.83454174712646,0.40793391277076535,1.65297535340577,0.3952875963850767,0.6973993275670676,0.8392927725725478,0.7064514970187462,0.9189182339272317,Not corrected
72.3939393939394,23.83454174712646,0.40793391277076535,1.6336461886717442,0.4028188893112353,0.6973993275670676,0.8366685180199399,0.6993324705531474,0.9185772443212995,Not corrected
73.64646464646465,23.83454174712646,0.40793391277076535,1.6143170239377187,0.4103594324030621,0.6973993275670676,0.8340098860413171,0.6921121757321095,0.9182363094882573,Not corrected
74.8989898989899,23.83454174712646,0.40793391277076535,1.594987859203693,0.41790872494429854,0.6973993275670676,0.8313167031143625,0.6847929398549387,0.9178953670995312,Not corrected
76.15151515151516,23.83454174712646,0.40793391277076535,1.575658694469667,0.4254663011957067,0.6973993275670676,0.828588804253195,0.6773772658598316,0.917554358922536,Not corrected
77.40404040404042,23.83454174712646,0.40793391277076535,1.5563295297356414,0.4330317274379817,0.6973993275670676,0.8258260333279788,0.6698678320159969,0.9172132304795443,Not corrected
78.65656565656566,23.83454174712646,0.40793391277076535,1.5370003650016157,0.44060459930516965,0.6973993275670676,0.8230282433861482,0.6622674909460515,0.9168719307395334,Not corrected
79.9090909090909,23.83454174712646,0.40793391277076535,1.51767120026759,0.4481845393763555,0.6973993275670676,0.8201952969748947,0.654579267965367,0.9165304118394113,Not corrected
81.16161616161617,23.83454174712646,0.40793391277076535,1.4983420355335642,0.4557711949973397,0.6973993275670676,0.8173270664645392,0.6468063587281655,0.9161886288314639,Not corrected
82.41414141414143,23.83454174712646,0.40793391277076535,1.4790128707995385,0.46336423630745427,0.6973993275670676,0.8144234343724005,0.6389521261736162,0.9158465394542328,Not corrected
83.66666666666667,23.83454174712646,0.40793391277076535,1.4596837060655128,0.47096335444964044,0.6973993275670676,0.8114842936867528,0.6310200967689288,0.915504103924371,Not corrected
84.91919191919192,23.83454174712646,0.40793391277076535,1.440354541331487,0.4785682599444986,0.6973993275670676,0.8085095481904485,0.6230139560504449,0.9151612847472985,Not corrected
86.17171717171718,23.83454174712646,0.40793391277076535,1.4210253765974614,0.48617868121127333,0.6973993275670676,0.8054991127837706,0.614937543467938,0.9148180465447363,Not corrected
87.42424242424244,23.83454174712646,0.40793391277076535,1.4016962118634355,0.49379436322070436,0.6973993275670676,0.8024529138060548,0.6067948465417197,0.9144743558974142,Not corrected
88.67676767676768,23.83454174712646,0.40793391277076535,1.3823670471294098,0.5014150662663907,0.6973993275670676,0.7993708893556184,0.5985899943466525,0.9141301812014367,Not corrected
89.92929292929293,23.83454174712646,0.40793391277076535,1.3630378823953844,0.5090405648428199,0.6973993275670676,0.7962529896075055,0.5903272503417445,0.9137854925369622,Not corrected
91.18181818181819,23.83454174712646,0.40793391277076535,1.3437087176613585,0.5166706466195322,0.6973993275670676,0.793099177128552,0.582011004568597,0.9134402615479961,Not corrected
92.43434343434345,23.83454174712646,0.40793391277076535,1.3243795529273326,0.5243051115020473,0.6973993275670676,0.7899094271892612,0.573645765246531,0.9130944613322298,Not corrected
93.68686868686869,23.83454174712646,0.40793391277076535,1.305050388193307,0.5319437707711999,0.6973993275670676,0.7866837280719562,0.5652361497966903,0.9127480663399696,Not corrected
94.93939393939394,23.83454174712646,0.40793391277076535,1.2857212234592814,0.5395864462934292,0.6973993275670676,0.7834220813746788,0.5567868753317431,0.9124010522813037,Not corrected
96.1919191919192,23.83454174712646,0.40793391277076535,1.2663920587252555,0.5472329697953522,0.6973993275670676,0.7801245023102809,0.5483027486519308,0.9120533960407432,Not corrected
97.44444444444446,23.83454174712646,0.40793391277076535,1.2470628939912298,0.5548831821966586,0.6973993275670676,0.7767910200001464,0.5397886557920929,0.9117050755986501,Not corrected
98.6969696969697,23.83454174712646,0.40793391277076535,1.2277337292572041,0.5625369329959763,0.6973993275670676,0.7734216777619765,0.5312495511678718,0.9113560699588397,Not corrected
99.94949494949495,23.83454174712646,0.40793391277076535,1.2084045645231785,0.5701940797049098,0.6973993275670676,0.7700165333910536,0.522690446372538,0.9110063590818049,Not corrected
101.20202020202021,23.83454174712646,0.40793391277076535,1.1890753997891528,0.5778544873259347,0.6973993275670676,0.7665756594344,0.5141163986787187,0.9106559238230606,Not corrected
102.45454545454547,23.83454174712646,0.40793391277076535,1.1697462350551269,0.5855180278702687,0.6973993275670676,0.7630991434572318,0.5055324993017309,0.9103047458761667,Not corrected
103.70707070707071,23.83454174712646,0.40793391277076535,1.1504170703211012,0.5931845799122216,0.6973993275670676,0.7595870883011115,0.49694386148318076,0.9099528077200192,Not corrected
104.95959595959596,23.83454174712646,0.40793391277076535,1.1310879055870757,0.6008540281768685,0.6973993275670676,0.7560396123331907,0.48835560845496206,0.9096000925700484,Not corrected
106.21212121212122,23.83454174712646,0.40793391277076535,1.1117587408530498,0.6085262631581972,0.6973993275670676,0.7524568496859328,0.4797728613447581,0.909246584332991,Not corrected
107.46464646464648,23.83454174712646,0.40793391277076535,1.092429576119024,0.6162011807651542,0.6973993275670676,0.748838950486712,0.47120072708459443,0.9088922675649385,Not corrected
108.71717171717172,23.83454174712646,0.40793391277076535,1.0731004113849982,0.6238786819932549,0.6973993275670676,0.7451860810766661,0.4626442863839152,0.9085371274323917,Not corrected
109.96969696969697,23.83454174712646,0.40793391277076535,1.0537712466509728,0.631558672619648,0.6973993275670676,0.741498424218204,0.45410858182804703,0.9081811496760736,Not corrected
111.22222222222223,23.83454174712646,0.40793391277076535,1.0344420819169469,0.6392410629197118,0.6973993275670676,0.7377761792905526,0.445598606161793,0.907824320577278,Not corrected
112.47474747474749,23.83454174712646,0.40793391277076535,1.015112917182921,0.6469257674034435,0.6973993275670676,0.7340195624727422,0.4371192908162701,0.9074666269265518,Not corrected
113.72727272727273,23.83454174712646,0.40793391277076535,0.9957837524488955,0.6546127045700578,0.6973993275670676,0.7302288069134328,0.4286754947349867,0.9071080559945247,Not corrected
114.97979797979798,23.83454174712646,0.40793391277076535,0.9764545877148698,0.6623017966793516,0.6973993275670676,0.7264041628869892,0.4202719935525929,0.9067485955047183,Not corrected
116.23232323232324,23.83454174712646,0.40793391277076535,0.9571254229808439,0.6699929695385236,0.6973993275670676,0.7225458979352252,0.41191346917673605,0.906388233608183,Not corrected
117.4848484848485,23.83454174712646,0.40793391277076535,0.9377962582468182,0.677686152303248,0.6973993275670676,0.7186542969942444,0.4036044998200759,0.9060269588598183,Not corrected
118.73737373737374,23.83454174712646,0.40793391277076535,0.9184670935127925,0.6853812772919123,0.6973993275670676,0.7147296625058228,0.39534955052578924,0.9056647601962534,Not corrected
119.98989898989899,23.83454174712646,0.40793391277076535,0.8991379287787669,0.6930782798120176,0.6973993275670676,0.7107723145127856,0.3871529642258657,0.9053016269151666,Not corrected
121.24242424242425,23.83454174712646,0.40793391277076535,0.8798087640447412,0.7007770979978284,0.6973993275670676,0.7067825907378552,0.3790189533672293,0.9049375486559388,Not corrected
122.49494949494951,23.83454174712646,0.40793391277076535,0.8604795993107153,0.7084776726584335,0.6973993275670676,0.7027608466454608,0.37095159213624374,0.9045725153815425,Not corrected
123.74747474747475,23.83454174712646,0.40793391277076535,0.8411504345766896,0.7161799471354551,0.6973993275670676,0.6987074554860172,0.3629548093075404,0.904206517361576,Not corrected
125,23.83454174712646,0.40793391277076535,0.8218212698426641,0.7238838671696974,0.6973993275670676,0.6946228083222115,0.3550323817383981,0.9038395451563579,Not corrected
1,18.078157546190585,0.41359853810841585,2.743772160760931,0.1132130458546885,0.6924321966876573,0.9395606597250066,0.9256611532492166,0.9509988800368776,Low extinction
2.2525252525252526,18.078157546190585,0.41359853810841585,2.724840449717365,0.10981642008888343,0.6924321966876573,0.9384766067932673,0.9248120998855874,0.9497925720705722,Low extinction
3.505050505050505,18.078157546190585,0.41359853810841585,2.705908738673799,0.10687439134740981,0.6924321966876573,0.9373744060661545,0.9238915172201438,0.9486016336005271,Low extinction
4.757575757575758,18.078157546190585,0.41359853810841585,2.6869770276302334,0.10442538946979968,0.6924321966876573,0.9362538005061581,0.9228918635744583,0.9474321590764536,Low extinction
6.01010101010101,18.078157546190585,0.41359853810841585,2.6680453165866673,0.1025047581396018,0.6924321966876573,0.9351145311266601,0.9218055761435547,0.9462902424598802,Low extinction
7.262626262626263,18.078157546190585,0.41359853810841585,2.6491136055431017,0.10114260206211836,0.6924321966876573,0.9339563370430994,0.9206253489668995,0.9451817000650282,Low extinction
8.515151515151516,18.078157546190585,0.41359853810841585,2.6301818944995357,0.100361663486775,0.6924321966876573,0.9327789555272482,0.9193444344605026,0.9441117699368287,Low extinction
9.767676767676768,18.078157546190585,0.41359853810841585,2.6112501834559696,0.1001755363303245,0.6924321966876573,0.931582122064686,0.917956930995204,0.9430848252860126,Low extinction
11.02020202020202,18.078157546190585,0.41359853810841585,2.592318472412404,0.10058752256419543,0.6924321966876573,0.9303655704155561,0.9164580143846437,0.9421041441228198,Low extinction
12.272727272727273,18.078157546190585,0.41359853810841585,2.573386761368838,0.10159034573932578,0.6924321966876573,0.9291290326786846,0.9148440773821824,0.9411717709951182,Low extinction
13.525252525252526,18.078157546190585,0.41359853810841585,2.554455050325272,0.1031667777657509,0.6924321966876573,0.927872239359152,0.9131127579414733,0.9402884900812842,Low extinction
14.777777777777779,18.078157546190585,0.41359853810841585,2.5355233392817063,0.10529105734581064,0.6924321966876573,0.9265949194393948,0.9112628589993728,0.9394539068841774,Low extinction
16.03030303030303,18.078157546190585,0.41359853810841585,2.51659162823814,0.10793084135097157,0.6924321966876573,0.9252968004539258,0.9092941824458617,0.9386666158664907,Low extinction
17.282828282828284,18.078157546190585,0.41359853810841585,2.4976599171945746,0.11104937328844891,0.6924321966876573,0.9239776085677519,0.90720731168245194,0.9379244196308534,Low extinction
18.535353535353536,18.078157546190585,0.41359853810841585,2.4787282061510085,0.11460757887716155,0.6924321966876573,0.9226370686585752,0.9050033787166419,0.9372245637018539,Low extinction
19.78787878787879,18.078157546190585,0.41359853810841585,2.4597964951074425,0.11856588041975318,0.6924321966876573,0.9212749044028569,0.9026838451712837,0.9365639575356596,Low extinction
21.04040404040404,18.078157546190585,0.41359853810841585,2.440864784063877,0.12288562120377011,0.6924321966876573,0.9198908383658247,0.9002503160724784,0.9359393628979598,Low extinction
22.292929292929294,18.078157546190585,0.41359853810841585,2.421933073020311,0.12753007814966866,0.6924321966876573,0.9184845920955058,0.897704394762086,0.9353475412682161,Low extinction
23.545454545454547,18.078157546190585,0.41359853810841585,2.4030013619767447,0.13246510031847478,0.6924321966876573,0.9170558862208575,0.8950475791620487,0.9347853600467864,Low extinction
24.7979797979798,18.078157546190585,0.41359853810841585,2.384069650933179,0.1376594414023442,0.6924321966876573,0.9156044405540801,0.8922811946306404,0.9342498623282198,Low extinction
26.050505050505052,18.078157546190585,0.41359853810841585,2.365137939889613,0.14308486239755117,0.6924321966876573,0.9141299741971792,0.8894063564161688,0.9337383072381792,Low extinction
27.303030303030305,18.078157546190585,0.41359853810841585,2.346206228846047,0.14871607486329694,0.6924321966876573,0.9126322056528559,0.8864239543972166,0.933248188147427,Low extinction
28.555555555555557,18.078157546190585,0.41359853810841585,2.3272745178024814,0.15453058284192217,0.6924321966876573,0.9111108529397913,0.8833346535649255,0.932777235309354,Low extinction
29.80808080808081,18.078157546190585,0.41359853810841585,2.3083428067589153,0.16050846762548535,0.6924321966876573,0.9095656337123962,0.8801389049211791,0.9323234082485811,Low extinction
31.060606060606062,18.078157546190585,0.41359853810841585,2.2894110957153493,0.16663214684087113,0.6924321966876573,0.9079962653850897,0.8768369627438726,0.9318848819501736,Low extinction
32.313131313131315,18.078157546190585,0.41359853810841585,2.2704793846717837,0.17288612893292707,0.6924321966876573,0.9064024652611703,0.8734289053055181,0.9314600297632193,Low extinction
33.56565656565657,18.078157546190585,0.41359853810841585,2.2515476736282176,0.17925677624381897,0.6924321966876573,0.9047839506663369,0.8699146570492118,0.931047405013942,Low extinction
34.81818181818182,18.078157546190585,0.41359853810841585,2.232615962584652,0.18573208424108992,0.6924321966876573,0.903140439086918,0.8662940109223587,0.9306457226262937,Low extinction
36.07070707070707,18.078157546190585,0.41359853810841585,2.213684251541086,0.19230148059505667,0.6924321966876573,0.9014716483128578,0.8625666500720975,0.930253841543476,Low extinction
37.323232323232325,18.078157546190585,0.41359853810841585,2.1947525404975203,0.19895564530030663,0.6924321966876573,0.8997772965855102,0.8587321684560894,0.929870748393122,Low extinction
38.57575757575758,18.078157546190585,0.41359853810841585,2.1758208294539543,0.2056863514917088,0.6924321966876573,0.8980571027502815,0.8547900901561499,0.9294955426039736,Low extinction
39.82828282828283,18.078157546190585,0.41359853810841585,2.156889118410388,0.21248632572092485,0.6924321966876573,0.8963107864141608,0.8507398873322549,0.9291274230306906,Low extinction
41.08080808080808,18.078157546190585,0.41359853810841585,2.1379574073668226,0.21934912601167586,0.6924321966876573,0.8945380681081756,0.8465809968459389,0.9287656760507411,Low extinction
42.333333333333336,18.078157546190585,0.41359853810841585,2.1190256963232565,0.22626903584249433,0.6924321966876573,0.8927386694547935,0.8423128356338329,0.9284096650443083,Low extinction
43.58585858585859,18.078157546190585,0.41359853810841585,2.1000939852796905,0.23324097220556422,0.6924321966876573,0.8909123133403003,0.8379348149375678,0.9280588211413592,Low extinction
44.83838383838384,18.078157546190585,0.41359853810841585,2.081162274236125,0.24026040598692172,0.6924321966876573,0.8890587240921678,0.8334463535049621,0.9277126351099254,Low extinction
46.09090909090909,18.078157546190585,0.41359853810841585,2.062230563192559,0.2473232930597176,0.6924321966876573,0.8871776276614196,0.8288468898757877,0.9273706502598631,Low extinction
47.343434343434346,18.078157546190585,0.41359853810841585,2.0432988521489928,0.2544260146488648,0.6924321966876573,0.8852687518100033,0.8241358938577801,0.9270324562425107,Low extinction
48.5959595959596,18.078157546190585,0.41359853810841585,2.024367141105427,0.26156532569437524,0.6924321966876573,0.8833318263031626,0.8193128772877531,0.9266976836359745,Low extinction
49.84848484848485,18.078157546190585,0.41359853810841585,2.005435430061861,0.26873831010186044,0.6924321966876573,0.8813665831067986,0.8143774041605074,0.9263659992164327,Low extinction
51.101010101010104,18.078157546190585,0.41359853810841585,1.9865037190182946,0.27594234191675204,0.6924321966876573,0.879372756589804,0.8093291001957922,0.9260371018267546,Low extinction
52.35353535353536,18.078157546190585,0.41359853810841585,1.967572007974729,0.28317505159158796,0.6924321966876573,0.8773500837313408,0.8041676619015486,0.9257107187642445,Low extinction
53.60606060606061,18.078157546190585,0.41359853810841585,1.948640296931163,0.2904342966328085,0.6924321966876573,0.8752983043330288,0.7988928651804065,0.9253866026190752,Low extinction
54.85858585858586,18.078157546190585,0.41359853810841585,1.9297085858875969,0.2977181360155756,0.6924321966876573,0.8732171612359992,0.7935045735160868,0.9250645285038344,Low extinction
56.111111111111114,18.078157546190585,0.41359853810841585,1.9107768748440312,0.3050248078433657,0.6924321966876573,0.8711064005427637,0.7880027457670575,0.924744291622489,Low extinction
57.36363636363637,18.078157546190585,0.41359853810841585,1.8918451638004652,0.3123527098049167,0.6924321966876573,0.8689657718438296,0.7823874435864813,0.9244257051340354,Low extinction
58.61616161616162,18.078157546190585,0.41359853810841585,1.8729134527568996,0.31970038204601137,0.6924321966876573,0.8667950284489976,0.7766588384801519,0.9241085982721784,Low extinction
59.86868686868687,18.078157546190585,0.41359853810841585,1.8539817417133335,0.32706649212897926,0.6924321966876573,0.8645939276232514,0.7708172185076636,0.9237928146876657,Low extinction
61.121212121212125,18.078157546190585,0.41359853810841585,1.835050030669768,0.3344498217999892,0.6924321966876573,0.8623622308271507,0.7648629946264568,0.9234782109844737,Low extinction
62.37373737373738,18.078157546190585,0.41359853810841585,1.8161183196262018,0.3418492553243787,0.6924321966876573,0.8600997039616216,0.7587967066735326,0.9231646554249825,Low extinction
63.62626262626263,18.078157546190585,0.41359853810841585,1.7971866085826358,0.3492637691844358,0.6924321966876573,0.8578061176170286,0.7526190289755044,0.922852026782669,Low extinction
64.87878787878788,18.078157546190585,0.41359853810841585,1.7782548975390702,0.3566924229631242,0.6924321966876573,0.8554812473264026,0.7463307755741749,0.922540213323766,Low extinction
66.13131313131314,18.078157546190585,0.41359853810841585,1.7593231864955041,0.36413435126198773,0.6924321966876573,0.8531248738226832,0.7399329050519688,0.9222291119018413,Low extinction
67.3838383838384,18.078157546190585,0.41359853810841585,1.740391475451938,0.3715887565225459,0.6924321966876573,0.8507367832998273,0.7334265249392545,0.9219186271514002,Low extinction
68.63636363636364,18.078157546190585,0.41359853810841585,1.7214597644083722,0.37905490263846203,0.6924321966876573,0.8483167676776178,0.7268128956838381,0.9216086707684678,Low extinction
69.88888888888889,18.078157546190585,0.41359853810841585,1.7025280533648064,0.3865321092610998,0.6924321966876573,0.8458646248699976,0.7200934341616678,0.9212991608676967,Low extinction
71.14141414141415,18.078157546190585,0.41359853810841585,1.6835963423212406,0.3940197467141902,0.6924321966876573,0.8433801590567385,0.7132697167070396,0.9209900214069088,Low extinction
72.3939393939394,18.078157546190585,0.41359853810841585,1.6646646312776745,0.4015172314445462,0.6924321966876573,0.8408631809582428,0.706343481640298,0.9206811816711613,Low extinction
73.64646464646465,18.078157546190585,0.41359853810841585,1.6457329202341087,0.4090240219453752,0.6924321966876573,0.8383135081132614,0.6993166312712021,0.9203725758094418,Low extinction
74.8989898989899,18.078157546190585,0.41359853810841585,1.6268012091905428,0.4165396150969882,0.6924321966876573,0.8357309651592997,0.692191233356711,0.9200641424179647,Low extinction
76.15151515151516,18.078157546190585,0.41359853810841585,1.607869498146977,0.42406354287679854,0.6924321966876573,0.8331153841154665,0.6849695219929691,0.9197558241648088,Low extinction
77.40404040404042,18.078157546190585,0.41359853810841585,1.588937787103411,0.4315953693966103,0.6924321966876573,0.8304666046675093,0.6776538979226752,0.9194475674512775,Low extinction
78.65656565656566,18.078157546190585,0.41359853810841585,1.570006076059845,0.439134688230467,0.6924321966876573,0.8277844744547662,0.6702469282408207,0.9191393221059412,Low extinction
79.9090909090909,18.078157546190585,0.41359853810841585,1.5510743650162793,0.4466811200008807,0.6924321966876573,0.8250688493587466,0.6627513454839411,0.9188310411077998,Low extinction
81.16161616161617,18.078157546190585,0.41359853810841585,1.5321426539727134,0.454234310195203,0.6924321966876573,0.822319593793043,0.6551700460905217,0.9185226803354437,Low extinction
82.41414141414143,18.078157546190585,0.41359853810841585,1.5132109429291474,0.46179392718731316,0.6924321966876573,0.8195365809942613,0.6475060882230183,0.9182141983394512,Low extinction
83.66666666666667,18.078157546190585,0.41359853810841585,1.4942792318855815,0.4693596604427674,0.6924321966876573,0.8167196933136404,0.6397626889450577,0.9179055561355892,Low extinction
84.91919191919192,18.078157546190585,0.41359853810841585,1.4753475208420157,0.47693121888812967,0.6924321966876573,0.8138688225090209,0.6319432207507496,0.9175967170166672,Low extinction
86.17171717171718,18.078157546190585,0.41359853810841585,1.4564158097984499,0.48450832942745503,0.6924321966876573,0.810983870036808,0.6240512074466341,0.917287646381137,Low extinction
87.42424242424244,18.078157546190585,0.41359853810841585,1.4374840987548838,0.49209073559085453,0.6924321966876573,0.8080647473435596,0.6160903193905742,0.9169783115767508,Low extinction
88.67676767676768,18.078157546190585,0.41359853810841585,1.418552387711318,0.49967819630179194,0.6924321966876573,0.805111376156817,0.6080643680958331,0.9166686817577749,Low extinction
89.92929292929293,18.078157546190585,0.41359853810841585,1.3996206766677521,0.5072704847512566,0.6924321966876573,0.8021236887747838,0.5999773002126287,0.9163587277544284,Low extinction
91.18181818181819,18.078157546190585,0.41359853810841585,1.380688965624186,0.5148673873682781,0.6924321966876573,0.7991016283544442,0.5918331909035678,0.9160484219533537,Low extinction
92.43434343434345,18.078157546190585,0.41359853810841585,1.3617572545806202,0.5224687028774039,0.6924321966876573,0.7960451491977,0.5836362366334936,0.9157377381880646,Low extinction
93.68686868686869,18.078157546190585,0.41359853810841585,1.3428255435370544,0.5300742414347789,0.6924321966876573,0.7929542170350943,0.5753907473983992,0.9154266516384209,Low extinction
94.93939393939394,18.078157546190585,0.41359853810841585,1.3238938324934886,0.53768382383536,0.6924321966876573,0.7898288093066765,0.5671011384220854,0.9151151387382853,Low extinction
96.1919191919192,18.078157546190585,0.41359853810841585,1.3049621214499225,0.5452972807845932,0.6924321966876573,0.786668915439554,0.5587719213531707,0.9148031770906044,Low extinction
97.44444444444446,18.078157546190585,0.41359853810841585,1.2860304104063567,0.552914452228577,0.6924321966876573,0.7834745371216633,0.5504076949988007,0.9144907453892341,Low extinction
98.6969696969697,18.078157546190585,0.41359853810841585,1.2670986993627908,0.5605351867373557,0.6924321966876573,0.7802456885712862,0.5420131356349508,0.9141778233468983,Low extinction
99.94949494949495,18.078157546190585,0.41359853810841585,1.248166988319225,0.5681593409365331,0.6924321966876573,0.7769823968018248,0.5335929869364899,0.9138643916287338,Low extinction
101.20202020202021,18.078157546190585,0.41359853810841585,1.229235277275659,0.5757867789828872,0.6924321966876573,0.7736847018813418,0.52515204957316175,0.9135504317909262,Low extinction
102.45454545454547,18.078157546190585,0.41359853810841585,1.2103035662320931,0.5834173720800911,0.6924321966876573,0.7703526571863639,0.5166951705202835,0.9132359262239929,Low extinction
103.70707070707071,18.078157546190585,0.41359853810841585,1.1913718551885273,0.5910509980310411,0.6924321966876573,0.766986329649443,0.508227232135239,0.9129208581003104,Low extinction
104.95959595959596,18.078157546190585,0.41359853810841585,1.1724401441449614,0.5986875408236243,0.6924321966876573,0.7635857999999551,0.4997531410527224,0.9126052113255253,Low extinction
106.21212121212122,18.078157546190585,0.41359853810841585,1.1535084331013954,0.6063268902470735,0.6924321966876573,0.7601511629976249,0.49127781695313494,0.9122889704935185,Low extinction
107.46464646464648,18.078157546190585,0.41359853810841585,1.1345767220578296,0.6139689415363236,0.6924321966876573,0.7566825276582471,0.48280618125955355,0.9119721208446271,Low extinction
108.71717171717172,18.078157546190585,0.41359853810841585,1.1156450110142637,0.621613595042032,0.6924321966876573,0.7531800174710809,0.47434314581922976,0.9116546482268548,Low extinction
109.96969696969697,18.078157546190585,0.41359853810841585,1.0967132999706979,0.6292607559241429,0.6924321966876573,0.7496437706073893,0.46589360162566873,0.9113365390598259,Low extinction
111.22222222222223,18.078157546190585,0.41359853810841585,1.0777815889271318,0.6369103338670737,0.6924321966876573,0.7460739401195944,0.45746240763695045,0.9110177803012616,Low extinction
112.47474747474749,18.078157546190585,0.41359853810841585,1.058849877883566,0.6445622428147723,0.6924321966876573,0.7424706941305208,0.44905437974511037,0.9106983594157754,Low extinction
113.72727272727273,18.078157546190585,0.41359853810841585,1.0399181668400002,0.6522164007240622,0.6924321966876573,0.7388342160122013,0.44067427995009245,0.9103782643458075,Low extinction
114.97979797979798,18.078157546190585,0.41359853810841585,1.0209864557964343,0.6598727293348244,0.6924321966876573,0.7351647045537217,0.4323268057900589,0.9100574834845262,Low extinction
116.23232323232324,18.078157546190585,0.41359853810841585,1.0020547447528683,0.6675311539557007,0.6924321966876573,0.7314623741175854,0.4240165800776801,0.9097360056505462,Low extinction
117.4848484848485,18.078157546190585,0.41359853810841585,0.9831230337093023,0.6751916032641159,0.6924321966876573,0.7277274547840877,0.41574814098949303,0.9094138200643258,Low extinction
118.73737373737374,18.078157546190585,0.41359853810841585,0.9641913226657367,0.6828540091195215,0.6924321966876573,0.7239601924831913,0.4075259325525185,0.9090909163261116,Low extinction
119.98989898989899,18.078157546190585,0.41359853810841585,0.9452596116221709,0.6905183063888597,0.6924321966876573,0.7201608491134094,0.39935429556910684,0.9087672843953184,Low extinction
121.24242424242425,18.078157546190585,0.41359853810841585,0.9263279005786048,0.6981844327833251,0.6924321966876573,0.7163297026472089,0.3912374590174832,0.9084429145712353,Low extinction
122.49494949494951,18.078157546190585,0.41359853810841585,0.9073961895350388,0.7058523287055916,0.6924321966876573,0.7124670472224591,0.3831795319617153,0.9081177974749605,Low extinction
123.74747474747475,18.078157546190585,0.41359853810841585,0.8884644784914731,0.7135219371067288,0.6924321966876573,0.7085731932194655,0.37518449600089215,0.9077919240324764,Low extinction
125,18.078157546190585,0.41359853810841585,0.8695327674479073,0.7211932033521041,0.6924321966876573,0.7046484673231419,0.3672561982832064,0.9074652854587808,Low extinction
1,12.664508468465481,0.4198451697639484,2.7439132552195766,0.11344746137263453,0.6915232477950439,0.9395686714782021,0.9256392431094729,0.9510268580419305,Intermediate extinction
2.2525252525252526,12.664508468465481,0.4198451697639484,2.7264781809662884,0.11012978420172619,0.6915232477950439,0.9385710986782104,0.924883240305147,0.9498998501006635,Intermediate extinction
3.505050505050505,12.664508468465481,0.4198451697639484,2.709043106713,0.10727709636087132,0.6915232477950439,0.9375581527970003,0.9240562490251335,0.9487926019212801,Intermediate extinction
4.757575757575758,12.664508468465481,0.4198451697639484,2.691608032459712,0.1049273300803851,0.6915232477950439,0.9365296332586952,0.9231510074456063,0.9477111000938641,Intermediate extinction
6.01010101010101,12.664508468465481,0.4198451697639484,2.6741729582064235,0.1031148725977685,0.6915232477950439,0.9354853380794054,0.9221603231212471,0.9466612435250302,Intermediate extinction
7.262626262626263,12.664508468465481,0.4198451697639484,2.6567378839531353,0.1018684075795214,0.6915232477950439,0.9344250639007068,0.9210773533778791,0.9456485637003144,Intermediate extinction
8.515151515151516,12.664508468465481,0.4198451697639484,2.639302809699847,0.1012088490874117,0.6915232477950439,0.9333486060250029,0.9198958994696987,0.9446779312581657,Intermediate extinction
9.767676767676768,12.664508468465481,0.4198451697639484,2.6218677354465587,0.10114767898121531,0.6915232477950439,0.9322557584528239,0.9186106760300173,0.9437532873503592,Intermediate extinction
11.02020202020202,12.664508468465481,0.4198451697639484,2.6044326611932704,0.10168597716427283,0.6915232477950439,0.9311463139221048,0.9172175153178409,0.9428774402902615,Intermediate extinction
12.272727272727273,12.664508468465481,0.4198451697639484,2.5869975869399826,0.10281432827819559,0.6915232477950439,0.9300200639494933,0.9157134745703557,0.9420519591826575,Intermediate extinction
13.525252525252526,12.664508468465481,0.4198451697639484,2.5695625126866943,0.10451362306234364,0.6915232477950439,0.928876798873733,0.9140968328588928,0.9412771781413389,Intermediate extinction
14.777777777777779,12.664508468465481,0.4198451697639484,2.552127438433406,0.10675660106436627,0.6915232477950439,0.9277163079011685,0.9123669854701498,0.9405523030764329,Intermediate extinction
16.03030303030303,12.664508468465481,0.4198451697639484,2.534692364180118,0.10950986026332228,0.6915232477950439,0.926538379153423,0.9105242617626075,0.939875595105243,Intermediate extinction
17.282828282828284,12.664508468465481,0.4198451697639484,2.5172572899268295,0.11273602032112902,0.6915232477950439,0.9253427997172884,0.9085697015539039,0.9392445955344929,Intermediate extinction
18.535353535353536,12.664508468465481,0.4198451697639484,2.4998222156735412,0.11639576547141732,0.6915232477950439,0.9241293556968824,0.9065048244223378,0.9386563580343726,Intermediate extinction
19.78787878787879,12.664508468465481,0.4198451697639484,2.482387141420253,0.12044957999256732,0.6915232477950439,0.9228978322681134,0.9043314185531727,0.9381076613771565,Intermediate extinction
21.04040404040404,12.664508468465481,0.4198451697639484,2.4649520671669647,0.12485908689387444,0.6915232477950439,0.9216480137355009,0.9020513651192252,0.9375951867542364,Intermediate extinction
22.292929292929294,12.664508468465481,0.4198451697639484,2.4475169929136764,0.12958798168979957,0.6915232477950439,0.9203796835913969,0.8996665042348203,0.9371156536356202,Intermediate extinction
23.545454545454547,12.664508468465481,0.4198451697639484,2.430081918660388,0.13460260612550223,0.6915232477950439,0.9190926245776525,0.8971785412224583,0.9366659154354962,Intermediate extinction
24.7979797979798,12.664508468465481,0.4198451697639484,2.4126468444071,0.13987223209771074,0.6915232477950439,0.9177866187497741,0.894588987699448,0.9362430204793073,Intermediate extinction
26.050505050505052,12.664508468465481,0.4198451697639484,2.3952117701538116,0.14536913086034522,0.6915232477950439,0.916461447543612,0.8918991303044702,0.9358442454548054,Intermediate extinction
27.303030303030305,12.664508468465481,0.4198451697639484,2.3777766959005238,0.1510684952631289,0.6915232477950439,0.9151168918446252,0.8891100198919396,0.9354671085213311,Intermediate extinction
28.555555555555557,12.664508468465481,0.4198451697639484,2.3603416216472355,0.15694827005710305,0.6915232477950439,0.9137527320597615,0.8862224749375128,0.9351093683357394,Intermediate extinction
29.80808080808081,12.664508468465481,0.4198451697639484,2.342906547393947,0.16298893166606812,0.6915232477950439,0.9123687481919953,0.88323709415234,0.9347690139987459,Intermediate extinction
31.060606060606062,12.664508468465481,0.4198451697639484,2.325471473140659,0.16917324663271266,0.6915232477950439,0.9109647199175619,0.8801542745560196,0.9344442496726654,Intermediate extinction
32.313131313131315,12.664508468465481,0.4198451697639484,2.3080363988873707,0.17548602812114858,0.6915232477950439,0.9095404266659239,0.8769742323430484,0.9341334765362077,Intermediate extinction
33.56565656565657,12.664508468465481,0.4198451697639484,2.2906013246340824,0.18191390247613837,0.6915232477950439,0.9080956477025109,0.8736970247404872,0.9338352738785286,Intermediate extinction
34.81818181818182,12.664508468465481,0.4198451697639484,2.273166250380794,0.18844509259022094,0.6915232477950439,0.9066301622142608,0.8703225717015081,0.9335483804872183,Intermediate extinction
36.07070707070707,12.664508468465481,0.4198451697639484,2.255731176127506,0.19506922127145904,0.6915232477950439,0.9051437493980024,0.8668506767427341,0.9332716770210427,Intermediate extinction
37.323232323232325,12.664508468465481,0.4198451697639484,2.2382961018742176,0.2017771355046142,0.6915232477950439,0.9036361885517056,0.8632810465520975,0.9330041697387572,Intermediate extinction
38.57575757575758,12.664508468465481,0.4198451697639484,2.2208610276209297,0.20856075109262287,0.6915232477950439,0.9021072591686313,0.8596133092050849,0.9327449757434592,Intermediate extinction
39.82828282828283,12.664508468465481,0.4198451697639484,2.203425953367641,0.2154129163700915,0.6915232477950439,0.9005567410344077,0.8558470309612008,0.9324933097672085,Intermediate extinction
41.08080808080808,12.664508468465481,0.4198451697639484,2.185990879114353,0.22232729328783415,0.6915232477950439,0.8989844143270577,0.8519817316928866,0.9322484724394293,Intermediate extinction
42.333333333333336,12.664508468465481,0.4198451697639484,2.168555804861065,0.22929825402998325,0.6915232477950439,0.8973900597199997,0.8480168990434244,0.9320098399374505,Intermediate extinction
43.58585858585859,12.664508468465481,0.4198451697639484,2.1511207306077766,0.23632079134215073,0.6915232477950439,0.8957734584880438,0.843952001431027,0.9317768548959708,Intermediate extinction
44.83838383838384,12.664508468465481,0.4198451697639484,2.1336856563544884,0.24339044085345568,0.6915232477950439,0.8941343926163979,0.839786500022003,0.9315490184456048,Intermediate extinction
46.09090909090909,12.664508468465481,0.4198451697639484,2.1162505821012,0.25050321382364776,0.6915232477950439,0.8924726449127011,0.8355198597925102,0.931325883253057,Intermediate extinction
47.343434343434346,12.664508468465481,0.4198451697639484,2.098815507847912,0.25765553891191695,0.6915232477950439,0.890787999122095,0.831151559789874,0.9311070474430025,Intermediate extinction
48.5959595959596,12.664508468465481,0.4198451697639484,2.0813804335946235,0.2648442117299943,0.6915232477950439,0.8890802400453407,0.8266811026932863,0.9308921492918678,Intermediate extinction
49.84848484848485,12.664508468465481,0.4198451697639484,2.0639453593413353,0.2720663510996009,0.6915232477950439,0.8873491536599867,0.8221080237615371,0.930680862594807,Intermediate extinction
51.101010101010104,12.664508468465481,0.4198451697639484,2.046510285088047,0.2793193610784939,0.6915232477950439,0.8855945272445922,0.8174318992432231,0.9304728926183009,Intermediate extinction
52.35353535353536,12.664508468465481,0.4198451697639484,2.029075210834759,0.28660089794838806,0.6915232477950439,0.8838161495059984,0.8126523543132136,0.93026797256137606,Intermediate extinction
53.60606060606061,12.664508468465481,0.4198451697639484,2.0116401365814705,0.2939088414716784,0.6915232477950439,0.8820138107096478,0.8077690705883193,0.9300658604581903,Intermediate extinction
54.85858585858586,12.664508468465481,0.4198451697639484,1.9942050623281826,0.3012412698228838,0.6915232477950439,0.8801873028129374,0.8027817932652449,0.9298663364635174,Intermediate extinction
56.111111111111114,12.664508468465481,0.4198451697639484,1.9767699880748946,0.30859643768627715,0.6915232477950439,0.878336419601595,0.7976903379150398,0.9296692004704542,Intermediate extinction
57.36363636363637,12.664508468465481,0.4198451697639484,1.9593349138216063,0.31597275708468087,0.6915232477950439,0.8764609568290566,0.7924945969603723,0.9294742700165397,Intermediate extinction
58.61616161616162,12.664508468465481,0.4198451697639484,1.941899839568318,0.32336878056733714,0.6915232477950439,0.8745607123588267,0.7871945458549712,0.9292813784404418,Intermediate extinction
59.86868686868687,12.664508468465481,0.4198451697639484,1.9244647653150297,0.33078318643848276,0.6915232477950439,0.8726354863097905,0.7817902489784491,0.9290903732565599,Intermediate extinction
61.121212121212125,12.664508468465481,0.4198451697639484,1.9070296910617415,0.33821476575404424,0.6915232477950439,0.8706850812044469,0.7762818652543473,0.9289011147193675,Intermediate extinction
62.37373737373738,12.664508468465481,0.4198451697639484,1.8895946168084532,0.3456624108528543,0.6915232477950439,0.8687093021200252,0.7706696534945715,0.9287134745531791,Intermediate extinction
63.62626262626263,12.664508468465481,0.4198451697639484,1.872159542555165,0.35312510522197293,0.6915232477950439,0.8667079568424425,0.764953977469332,0.9285273348263469,Intermediate extinction
64.87878787878788,12.664508468465481,0.4198451697639484,1.8547244683018766,0.36060191452393725,0.6915232477950439,0.8646808560230543,0.7591353106982283,0.928342586951745,Intermediate extinction
66.13131313131314,12.664508468465481,0.4198451697639484,1.8372893940485884,0.3680919786378209,0.6915232477950439,0.8626278133381445,0.7532142409551379,0.9281591307978498,Intermediate extinction
67.3838383838384,12.664508468465481,0.4198451697639484,1.8198543197953,0.37559450458647636,0.6915232477950439,0.8605486456510966,0.7471914744770869,0.9279768738968279,Intermediate extinction
68.63636363636364,12.664508468465481,0.4198451697639484,1.8024192455420123,0.383108760239821,0.6915232477950439,0.8584431731771799,0.7410678398652014,0.927795730737852,Intermediate extinction
69.88888888888889,12.664508468465481,0.4198451697639484,1.784984171288724,0.390634068698958,0.6915232477950439,0.8563112196508803,0.7348442916641948,0.9276156221354157,Intermediate extinction
71.14141414141415,12.664508468465481,0.4198451697639484,1.7675490970354357,0.3981698032786883,0.6915232477950439,0.8541526124957002,0.7285219136055583,0.9274364746637588,Intermediate extinction
72.3939393939394,12.664508468465481,0.4198451697639484,1.750114022782147,0.4057153830169052,0.6915232477950439,0.851967182996341,0.7221019214986968,0.9272582201496574,Intermediate extinction
73.64646464646465,12.664508468465481,0.4198451697639484,1.7326789485288592,0.4132702686487334,0.6915232477950439,0.8497547664731817,0.7155856657536794,0.9270807952168331,Intermediate extinction
74.8989898989899,12.664508468465481,0.4198451697639484,1.715243874275571,0.42083395899132936,0.6915232477950439,0.8475152024589554,0.7089746335190048,0.9269041408760802,Intermediate extinction
76.15151515151516,12.664508468465481,0.4198451697639484,1.6978088000222826,0.428405987692181,0.6915232477950439,0.8452483348775206,0.7022704504178445,0.926728202155962,Intermediate extinction
77.40404040404042,12.664508468465481,0.4198451697639484,1.6803737257689944,0.4359859202997133,0.6915232477950439,0.8429540122246206,0.6954748818665817,0.9265529277695509,Intermediate extinction
78.65656565656566,12.664508468465481,0.4198451697639484,1.662938651515706,0.4435733516201578,0.6915232477950439,0.8406320877505085,0.6885898339601002,0.926378269813255,Intermediate extinction
79.9090909090909,12.664508468465481,0.4198451697639484,1.645503577262418,0.45116790332909307,0.6915232477950439,0.8382824196443219,0.681617353909213,0.9262041834942424,Intermediate extinction
81.16161616161617,12.664508468465481,0.4198451697639484,1.6280685030091298,0.4587692218099174,0.6915232477950439,0.8359048712200692,0.6745596300167974,0.9260306268834027,Intermediate extinction
82.41414141414143,12.664508468465481,0.4198451697639484,1.6106334287558415,0.4663769761948612,0.6915232477950439,0.833499311104095,0.6674189911806582,0.9258575606911366,Intermediate extinction
83.66666666666667,12.664508468465481,0.4198451697639484,1.5931983545025532,0.473990856587049,0.6915232477950439,0.8310656134238781,0.6601979059128114,0.9256849480635938,Intermediate extinction
84.91919191919192,12.664508468465481,0.4198451697639484,1.5757632802492652,0.4816105724446509,0.6915232477950439,0.8286036579980083,0.6528989808668033,0.9255127543972428,Intermediate extinction
86.17171717171718,12.664508468465481,0.4198451697639484,1.5583282059959769,0.48923585111036344,0.6915232477950439,0.8261133305271852,0.6455249588667882,0.9253409471699064,Intermediate extinction
87.42424242424244,12.664508468465481,0.4198451697639484,1.5408931317426884,0.4968664364713888,0.6915232477950439,0.8235945227860713,0.6380787164343996,0.9251694957866066,Intermediate extinction
88.67676767676768,12.664508468465481,0.4198451697639484,1.5234580574894003,0.5045020877367596,0.6915232477950439,0.8210471328158241,0.630563260811925,0.9249983714387424,Intermediate extinction
89.92929292929293,12.664508468465481,0.4198451697639484,1.5060229832361123,0.5121425783203336,0.6915232477950439,0.8184710651171282,0.6229817264829186,0.9248275469752965,Intermediate extinction
91.18181818181819,12.664508468465481,0.4198451697639484,1.4885879089828238,0.5197876948190738,0.6915232477950439,0.8158662308435375,0.6153373711941352,0.9246569967848972,Intermediate extinction
92.43434343434345,12.664508468465481,0.4198451697639484,1.4711528347295355,0.5274372360773665,0.6915232477950439,0.8132325479949327,0.6076335714855102,0.924486696687701,Intermediate extinction
93.68686868686869,12.664508468465481,0.4198451697639484,1.4537177604762475,0.5350910123291309,0.6915232477950439,0.8105699416108899,0.5998738177378203,0.9243166238361626,Intermediate extinction
94.93939393939394,12.664508468465481,0.4198451697639484,1.4362826862229592,0.5427488444103535,0.6915232477950439,0.8078783439637532,0.592061708750622,0.9241467566238618,Intermediate extinction
96.1919191919192,12.664508468465481,0.4198451697639484,1.418847611969671,0.5504105630354598,0.6915232477950439,0.8051576947511914,0.5842009458660189,0.9239770746016411,Intermediate extinction
97.44444444444446,12.664508468465481,0.4198451697639484,1.4014125377163826,0.5580760081316226,0.6915232477950439,0.8024079412880183,0.5762953266567589,0.9238075584003886,Intermediate extinction
98.6969696969697,12.664508468465481,0.4198451697639484,1.3839774634630944,0.5657450282257188,0.6915232477950439,0.7996290386970444,0.5683487382000503,0.9236381896598633,Intermediate extinction
99.94949494949495,12.664508468465481,0.4198451697639484,1.3665423892098063,0.5734174798791798,0.6915232477950439,0.7968209500987244,0.5603651499612974,0.9234689509630247,Intermediate extinction
101.20202020202021,12.664508468465481,0.4198451697639484,1.349107314956518,0.5810932271664654,0.6915232477950439,0.7939836467993582,0.5523486063146519,0.9232998257753816,Intermediate extinction
102.45454545454547,12.664508468465481,0.4198451697639484,1.3316722407032295,0.5887721411933164,0.6915232477950439,0.7911171084775945,0.544303218729824,0.923130798388921,Intermediate extinction
103.70707070707071,12.664508468465481,0.4198451697639484,1.3142371664499415,0.5964540996513187,0.6915232477950439,0.7882213233689865,0.5362331576569804,0.9229618538702222,Intermediate extinction
104.95959595959596,12.664508468465481,0.4198451697639484,1.2968020921966534,0.6041389864056493,0.6915232477950439,0.7852962884483325,0.5281426441437299,0.9227929780124009,Intermediate extinction
106.21212121212122,12.664508468465481,0.4198451697639484,1.279367017943365,0.6118266911131806,0.6915232477950439,0.7823420096095451,0.5200359412201538,0.922624157290557,Intermediate extinction
107.46464646464648,12.664508468465481,0.4198451697639484,1.2619319436900767,0.619517108868382,0.6915232477950439,0.7793585018427707,0.5119173450895383,0.9224553788204384,Intermediate extinction
108.71717171717172,12.664508468465481,0.4198451697639484,1.2444968694367886,0.6272101398747085,0.6915232477950439,0.776345789408488,0.5037911761638992,0.9222866303200506,Intermediate extinction
109.96969696969697,12.664508468465481,0.4198451697639484,1.2270617951835003,0.6349056891393725,0.6915232477950439,0.7733039060083066,0.49566176998453815,0.9221179000739751,Intermediate extinction
111.22222222222223,12.664508468465481,0.4198451697639484,1.209626720930212,0.6426036661895959,0.6915232477950439,0.7702328949521815,0.4875334680687173,0.9219491769001766,Intermediate extinction
112.47474747474749,12.664508468465481,0.4198451697639484,1.1921916466769238,0.6503039848086086,0.6915232477950439,0.767132809321757,0.47941060872407015,0.9217804501191014,Intermediate extinction
113.72727272727273,12.664508468465481,0.4198451697639484,1.1747565724236355,0.6580065627898235,0.6915232477950439,0.7640037121295519,0.47129751787258506,0.9216117095248834,Intermediate extinction
114.97979797979798,12.664508468465481,0.4198451697639484,1.1573214981703475,0.665711321707749,0.6915232477950439,0.7608456764736914,0.4631984999258949,0.9214429453584954,Intermediate extinction
116.23232323232324,12.664508468465481,0.4198451697639484,1.1398864239170592,0.6734181867043362,0.6915232477950439,0.7576587856878961,0.4551178287531812,0.9212741482826949,Intermediate extinction
117.4848484848485,12.664508468465481,0.4198451697639484,1.122451349663771,0.6811270862895644,0.6915232477950439,0.754443133486427,0.44705973878226063,0.9211053093586257,Intermediate extinction
118.73737373737374,12.664508468465481,0.4198451697639484,1.1050162754104826,0.688837952155182,0.6915232477950439,0.7511988241036951,0.43902841627337336,0.9209364200239499,Intermediate extinction
119.98989898989899,12.664508468465481,0.4198451697639484,1.0875812011571946,0.6965507190006017,0.6915232477950439,0.7479259724282348,0.43102799080385373,0.9207674720723962,Intermediate extinction
121.24242424242425,12.664508468465481,0.4198451697639484,1.0701461269039063,0.704265324370044,0.6915232477950439,0.7446247041307458,0.42306252700023855,0.9205984576346211,Intermediate extinction
122.49494949494951,12.664508468465481,0.4198451697639484,1.0527110526506178,0.7119817085000912,0.6915232477950439,0.7412951557859087,0.415136016552486,0.9204293691602806,Intermediate extinction
123.74747474747475,12.664508468465481,0.4198451697639484,1.0352759783973298,0.7196998141768913,0.6915232477950439,0.7379374749876768,0.40725237054285474,0.9202601994012318,Intermediate extinction
125,12.664508468465481,0.4198451697639484,1.0178409041440417,0.7274195866023078,0.6915232477950439,0.7345518204577528,0.399415412119652,0.9200909413957766,Intermediate extinction
1,8.143350065247018,0.4395129951471778,2.7302038207515364,0.11352519253613602,0.6969884063556635,0.9387855512437319,0.9246794717583591,0.9503915652131024,High extinction
2.2525252525252526,8.143350065247018,0.4395129951471778,2.713870408153711,0.11018310220869808,0.6969884063556635,0.9378401606318624,0.9239952805647856,0.9493014596611369,High extinction
3.505050505050505,8.143350065247018,0.4395129951471778,2.6975369955558848,0.10732883275171642,0.6969884063556635,0.9368811511502363,0.9232376565166512,0.9482356573051505,High extinction
4.757575757575758,8.143350065247018,0.4395129951471778,2.6812035829580587,0.10500217294374095,0.6969884063556635,0.9359083570884213,0.9223991254684873,0.9472004385304187,High extinction
6.01010101010101,8.143350065247018,0.4395129951471778,2.6648701703602327,0.10323880065903761,0.6969884063556635,0.9349216116683364,0.9214723602683444,0.9462019203098121,High extinction
7.262626262626263,8.143350065247018,0.4395129951471778,2.6485367577624066,0.10206791491783096,0.6969884063556635,0.9339207470692588,0.9204504919330098,0.9452457456348871,High extinction
8.515151515151516,8.143350065247018,0.4395129951471778,2.6322033451645805,0.10151002022154516,0.6969884063556635,0.9329055944541237,0.9193274280579823,0.9443367657794257,High extinction
9.767676767676768,8.143350065247018,0.4395129951471778,2.615869932566755,0.10157521750225934,0.6969884063556635,0.9318759839971491,0.918098133703385,0.9434787601574158,High extinction
11.02020202020202,8.143350065247018,0.4395129951471778,2.599536519968929,0.10226231501111215,0.6969884063556635,0.9308317449128144,0.916758830073224,0.942674238461247,High extinction
12.272727272727273,8.143350065247018,0.4395129951471778,2.583203107371103,0.10355893485248112,0.6969884063556635,0.929772705486224,0.9153070791129175,0.9419243569583964,High extinction
13.525252525252526,8.143350065247018,0.4395129951471778,2.5668696947732768,0.10544259366914671,0.6969884063556635,0.9286986931048841,0.9137417446717058,0.9412289583031858,High extinction
14.777777777777779,8.143350065247018,0.4395129951471778,2.5505362821754507,0.1078825462580532,0.6969884063556635,0.927609534291923,0.9120628455168517,0.9405867195798671,High extinction
16.03030303030303,8.143350065247018,0.4395129951471778,2.534202869577625,0.11084206182723708,0.6969884063556635,0.9265050547407866,0.9102713338754379,0.9399953749043668,High extinction
17.282828282828284,8.143350065247018,0.4395129951471778,2.517869456979799,0.11428078232429528,0.6969884063556635,0.9253850793514351,0.9083688403792985,0.9394519717122218,High extinction
18.535353535353536,8.143350065247018,0.4395129951471778,2.501536044381973,0.1181568762397717,0.6969884063556635,0.9242494322680749,0.9063574225432364,0.9389531236055674,High extinction
19.78787878787879,8.143350065247018,0.4395129951471778,2.485202631784147,0.12242880891512567,0.6969884063556635,0.9230979369184493,0.9042393432713524,0.938495233267241,High extinction
21.04040404040404,8.143350065247018,0.4395129951471778,2.468869219186321,0.1270566596348253,0.6969884063556635,0.921930416054724,0.9020168933795383,0.9380746714567533,High extinction
22.292929292929294,8.143350065247018,0.4395129951471778,2.452535806588495,0.13200299965641377,0.6969884063556635,0.9207466917959889,0.8996922614645633,0.9376879087603195,High extinction
23.545454545454547,8.143350065247018,0.4395129951471778,2.436202393990669,0.13723339511420082,0.6969884063556635,0.9195465856724104,0.897267447297683,0.9373316039195093,High extinction
24.7979797979798,8.143350065247018,0.4395129951471778,2.419868981392843,0.1427166185361656,0.6969884063556635,0.9183299186710593,0.8947442112661107,0.9370026562174352,High extinction
26.050505050505052,8.143350065247018,0.4395129951471778,2.403535568795017,0.14842465204194452,0.6969884063556635,0.9170965112834408,0.8921240513693948,0.9366982304174879,High extinction
27.303030303030305,8.143350065247018,0.4395129951471778,2.387202156197191,0.15433255365183024,0.6969884063556635,0.9158461835547588,0.8894081998620643,0.9364157621650435,High extinction
28.555555555555557,8.143350065247018,0.4395129951471778,2.370868743599365,0.1604182425884465,0.6969884063556635,0.9145787551349329,0.8865976329658067,0.9361529504303664,High extinction
29.80808080808081,8.143350065247018,0.4395129951471778,2.354535331001539,0.1666622442222117,0.6969884063556635,0.9132940453314029,0.8836930885912186,0.9359077420538479,High extinction
31.060606060606062,8.143350065247018,0.4395129951471778,2.3382019184037133,0.17304742239845833,0.6969884063556635,0.9119918731637378,0.8806950884052517,0.93567831205826,High extinction
32.313131313131315,8.143350065247018,0.4395129951471778,2.321868505805887,0.17955871686962077,0.6969884063556635,0.9106720574200798,0.8776039617291688,0.9354630422436278,High extinction
33.56565656565657,8.143350065247018,0.4395129951471778,2.305535093208061,0.18618289627279586,0.6969884063556635,0.9093344167154451,0.8744198696307813,0.9352604997009288,High extinction
34.81818181818182,8.143350065247018,0.4395129951471778,2.289201680610235,0.19290833206664906,0.6969884063556635,0.9079787695519004,0.871142828212346,0.9350694162427511,High extinction
36.07070707070707,8.143350065247018,0.4395129951471778,2.272868268012409,0.19972479553749525,0.6969884063556635,0.9066049343806446,0.8677727305382574,0.934888669305766,High extinction
37.323232323232325,8.143350065247018,0.4395129951471778,2.2565348554145834,0.20662327792337407,0.6969884063556635,0.9052127296660096,0.8643093669419594,0.9347172645840527,High extinction
38.57575757575758,8.143350065247018,0.4395129951471778,2.2402014428167574,0.21359583250300865,0.6969884063556635,0.903801973951402,0.8607524436402357,0.9345543204629637,High extinction
39.82828282828283,8.143350065247018,0.4395129951471778,2.2238680302189313,0.22063543686600898,0.6969884063556635,0.9023724859272076,0.85710159969755,0.9343990542081059,High extinction
41.08080808080808,8.143350065247018,0.4395129951471778,2.2075346176211053,0.2277358733160057,0.6969884063556635,0.9009240845006707,0.8533564224474588,0.9342507697989751,High extinction
42.333333333333336,8.143350065247018,0.4395129951471778,2.191201205023279,0.23489162531793426,0.6969884063556635,0.899456588867766,0.8495164615096714,0.9341088472645487,High extinction
43.58585858585859,8.143350065247018,0.4395129951471778,2.1748677924254536,0.24209778798978251,0.6969884063556635,0.8979698185870814,0.8455812415520662,0.9339727333666522,High extinction
44.83838383838384,8.143350065247018,0.4395129951471778,2.1585343798276275,0.24934999079634712,0.6969884063556635,0.8964635936557188,0.8415502739451003,0.9338419334780315,High extinction
46.09090909090909,8.143350065247018,0.4395129951471778,2.1422009672298015,0.25664433078928317,0.6969884063556635,0.8949377345872286,0.8374230674469676,0.9337160045103388,High extinction
47.343434343434346,8.143350065247018,0.4395129951471778,2.1258675546319754,0.2639773149305967,0.6969884063556635,0.893392062491586,0.8331991380450645,0.9335945487592081,High extinction
48.5959595959596,8.143350065247018,0.4395129951471778,2.1095341420341494,0.27134581022231336,0.6969884063556635,0.8918263991572182,0.8288780180650337,0.9334772085470354,High extinction
49.84848484848485,8.143350065247018,0.4395129951471778,2.0932007294363237,0.2787470005363068,0.6969884063556635,0.890240567135088,0.824459264644192,0.9333636615576707,High extinction
51.101010101010104,8.143350065247018,0.4395129951471778,2.0768673168384972,0.2861783491921076,0.6969884063556635,0.888634389824838,0.8199424676522866,0.9332536167702021,High extinction
52.35353535353536,8.143350065247018,0.4395129951471778,2.0605339042406716,0.2936375664662131,0.6969884063556635,0.8870076915629992,0.8153272571296787,0.9331468109109671,High extinction
53.60606060606061,8.143350065247018,0.4395129951471778,2.0442004916428456,0.3011225813346243,0.6969884063556635,0.8853602977132629,0.8106133103013771,0.933043005353689,High extinction
54.85858585858586,8.143350065247018,0.4395129951471778,2.0278670790450195,0.3086315168523833,0.6969884063556635,0.8836920347588135,0.8058003582149177,0.9329419834071838,High extinction
56.111111111111114,8.143350065247018,0.4395129951471778,2.0115336664471934,0.3161626686614446,0.6969884063556635,0.8820027303967204,0.8008881920408236,0.9328435479384387,High extinction
57.36363636363637,8.143350065247018,0.4395129951471778,1.9952002538493676,0.32371448619299953,0.6969884063556635,0.8802922136343797,0.7958766690662493,0.9327475192861336,High extinction
58.61616161616162,8.143350065247018,0.4395129951471778,1.978866841251542,0.33128555619407374,0.6969884063556635,0.8785603148879981,0.790765718405277,0.9326537334259676,High extinction
59.86868686868687,8.143350065247018,0.4395129951471778,1.962533428653716,0.3388745882623596,0.6969884063556635,0.8768068660831063,0.7855553464431116,0.9325620403545563,High extinction
61.121212121212125,8.143350065247018,0.4395129951471778,1.9462000160558899,0.34648040211922326,0.6969884063556635,0.8750317007570898,0.7802456420260127,0.9324723026633199,High extinction
62.37373737373738,8.143350065247018,0.4395129951471778,1.9298666034580638,0.3541019163898458,0.6969884063556635,0.873234654163716,0.7748367814040933,0.9323843942777612,High extinction
63.62626262626263,8.143350065247018,0.4395129951471778,1.9135331908602378,0.3617381386925795,0.6969884063556635,0.8714155633796423,0.7693290329300676,0.9322981993409459,High extinction
64.87878787878788,8.143350065247018,0.4395129951471778,1.8971997782624122,0.3693881568677186,0.6969884063556635,0.8695742674128782,0.7637227615135233,0.9322136112229157,High extinction
66.13131313131314,8.143350065247018,0.4395129951471778,1.880866365664586,0.37705113119978373,0.6969884063556635,0.8677106073131781,0.7580184328273083,0.932130531640261,High extinction
67.3838383838384,8.143350065247018,0.4395129951471778,1.86453295306676,0.38472628750774324,0.6969884063556635,0.8658244262843343,0.7522166172600788,0.9320488698722249,High extinction
68.63636363636364,8.143350065247018,0.4395129951471778,1.848199540468934,0.3924129109949017,0.6969884063556635,0.8639155697983386,0.7463179936069302,0.9319685420615327,High extinction
69.88888888888889,8.143350065247018,0.4395129951471778,1.831866127871108,0.4001103407649475,0.6969884063556635,0.8619838857113755,0.7403233524882757,0.9318894705897212,High extinction
71.14141414141415,8.143350065247018,0.4395129951471778,1.8155327152732823,0.4078179649232488,0.6969884063556635,0.8600292243816101,0.7342335994857337,0.9318115835180817,High extinction
72.3939393939394,8.143350065247018,0.4395129951471778,1.7991993026754558,0.4155352161932677,0.6969884063556635,0.8580514387887255,0.7280497579826917,0.9317348140864968,High extinction
73.64646464646465,8.143350065247018,0.4395129951471778,1.7828658900776302,0.42326156798719516,0.6969884063556635,0.8560503846551655,0.7217729716964375,0.9316591002634385,High extinction
74.8989898989899,8.143350065247018,0.4395129951471778,1.7665324774798041,0.4309965308778254,0.6969884063556635,0.8540259205690314,0.715404506888241,0.9315843843412588,High extinction
76.15151515151516,8.143350065247018,0.4395129951471778,1.750199064881978,0.4387396494254986,0.6969884063556635,0.851977908108581,0.7089457542375479,0.9315106125716464,High extinction
77.40404040404042,8.143350065247018,0.4395129951471778,1.733865652284152,0.44649049931980234,0.6969884063556635,0.8499062119682693,0.7023982303664729,0.9314377348367534,High extinction
78.65656565656566,8.143350065247018,0.4395129951471778,1.717532239686326,0.45424868480077213,0.6969884063556635,0.8478107000862731,0.6957635790010612,0.9313657043520597,High extinction
79.9090909090909,8.143350065247018,0.4395129951471778,1.7011988270885003,0.4620138363287011,0.6969884063556635,0.8456912437734323,0.6890435717563046,0.9312944773975156,High extinction
81.16161616161617,8.143350065247018,0.4395129951471778,1.6848654144906743,0.4697856084754453,0.6969884063556635,0.8435477178435373,0.6822401085326442,0.9312240130739217,High extinction
82.41414141414143,8.143350065247018,0.4395129951471778,1.6685320018928482,0.4775636780133857,0.6969884063556635,0.8413800007448928,0.6753552175126583,0.9311542730818665,High extinction
83.66666666666667,8.143350065247018,0.4395129951471778,1.6521985892950222,0.4853477421810562,0.6969884063556635,0.8391879746930779,0.6683910547478029,0.9310852215208573,High extinction
84.91919191919192,8.143350065247018,0.4395129951471778,1.6358651766971961,0.49313751710691517,0.6969884063556635,0.8369715258048194,0.6613499033264483,0.9310168247065551,High extinction
86.17171717171718,8.143350065247018,0.4395129951471778,1.6195317640993705,0.5009327363748999,0.6969884063556635,0.8347305442328964,0.654234172116003,0.9309490510042618,High extinction
87.42424242424244,8.143350065247018,0.4395129951471778,1.603198351501544,0.5087331497172805,0.6969884063556635,0.8324649243019828,0.6470463940736477,0.9308818706770218,High extinction
88.67676767676768,8.143350065247018,0.4395129951471778,1.5868649389037184,0.5165385218219766,0.6969884063556635,0.8301745646453355,0.6397892241220806,0.9308152557468803,High extinction
89.92929292929293,8.143350065247018,0.4395129951471778,1.5705315263058925,0.5243486312429431,0.6969884063556635,0.8278593683422258,0.6324654365886951,0.9307491798680047,High extinction
91.18181818181819,8.143350065247018,0.4395129951471778,1.5541981137080665,0.5321632694034898,0.6969884063556635,0.8255192430560168,0.6250779222087625,0.930683618210514,High extinction
92.43434343434345,8.143350065247018,0.4395129951471778,1.5378647011102404,0.5399822396835127,0.6969884063556635,0.8231541011727738,0.6176296846954336,0.9306185473539901,High extinction
93.68686868686869,8.143350065247018,0.4395129951471778,1.5215312885124144,0.5478053565825928,0.6969884063556635,0.8207638599402991,0.6101238368817057,0.9305539451897513,High extinction
94.93939393939394,8.143350065247018,0.4395129951471778,1.5051978759145885,0.5556324449517761,0.6969884063556635,0.8183484416074753,0.6025635964418975,0.9304897908310682,High extinction
96.1919191919192,8.143350065247018,0.4395129951471778,1.4888644633167625,0.563463339287609,0.6969884063556635,0.815907773563795,0.5949522812026012,0.9304260645305842,High extinction
97.44444444444446,8.143350065247018,0.4395129951471778,1.4725310507189364,0.5712978830826752,0.6969884063556635,0.8134417884789525,0.5872933040555328,0.9303627476042843,High extinction
98.6969696969697,8.143350065247018,0.4395129951471778,1.4561976381211106,0.5791359282274727,0.6969884063556635,0.8109504244423733,0.5795901674871389,0.9302998223614177,High extinction
99.94949494949495,8.143350065247018,0.4395129951471778,1.4398642255232847,0.5869773344590017,0.6969884063556635,0.8084336251025398,0.5718464577422205,0.930237272039844,High extinction
101.20202020202021,8.143350065247018,0.4395129951471778,1.4235308129254585,0.5948219688518918,0.6969884063556635,0.8058913398059859,0.5640658386411885,0.9301750807463214,High extinction
102.45454545454547,8.143350065247018,0.4395129951471778,1.4071974003276324,0.6026697053483234,0.6969884063556635,0.8033235237358117,0.556252045072825,0.9301132334013088,High extinction
103.70707070707071,8.143350065247018,0.4395129951471778,1.3908639877298066,0.6105204243233612,0.6969884063556635,0.8007301380495783,0.5484088761865857,0.9300517156878889,High extinction
104.95959595959596,8.143350065247018,0.4395129951471778,1.3745305751319807,0.6183740121826488,0.6969884063556635,0.79811115001643,0.5405401883105078,0.9299905140044622,High extinction
106.21212121212122,8.143350065247018,0.4395129951471778,1.3581971625341547,0.6262303609897114,0.6969884063556635,0.7954665331532965,0.532649887622664,0.9299296154208924,High extinction
107.46464646464648,8.143350065247018,0.4395129951471778,1.3418637499363286,0.6340893681203699,0.6969884063556635,0.7927962673600124,0.5247419226058084,0.9298690076378183,High extinction
108.71717171717172,8.143350065247018,0.4395129951471778,1.3255303373385028,0.6419509359420104,0.6969884063556635,0.7901003390532003,0.5168202763163698,0.929808678948865,High extinction
109.96969696969697,8.143350065247018,0.4395129951471778,1.3091969247406767,0.6498149715156648,0.6969884063556635,0.7873787412987492,0.508888958500253,0.9297486182055239,High extinction
111.22222222222223,8.143350065247018,0.4395129951471778,1.2928635121428507,0.6576813863190393,0.6969884063556635,0.7846314739427268,0.5009519975889878,0.9296888147844811,High extinction
112.47474747474749,8.143350065247018,0.4395129951471778,1.2765300995450246,0.6655500959888071,0.6969884063556635,0.7818585437405537,0.4930134326106071,0.9296292585572016,High extinction
113.72727272727273,8.143350065247018,0.4395129951471778,1.2601966869471988,0.673421020080629,0.6969884063556635,0.7790599644842657,0.4850773050502273,0.9295699398615898,High extinction
114.97979797979798,8.143350065247018,0.4395129951471778,1.243863274349373,0.6812940818455034,0.6969884063556635,0.776235757127694,0.4771476506956541,0.9295108494755628,High extinction
116.23232323232324,8.143350065247018,0.4395129951471778,1.2275298617515469,0.689169208021171,0.6969884063556635,0.7733859499093814,0.46922849150341533,0.9294519785923909,High extinction
117.4848484848485,8.143350065247018,0.4395129951471778,1.2111964491537208,0.697046328637413,0.6969884063556635,0.7705105784730588,0.46132382752044676,0.9293933187976674,High extinction
118.73737373737374,8.143350065247018,0.4395129951471778,1.194863036555895,0.7049253768341813,0.6969884063556635,0.7676096859854968,0.45343762889623046,0.9293348620477859,High extinction
119.98989898989899,8.143350065247018,0.4395129951471778,1.178529623958069,0.7128062886915887,0.6969884063556635,0.7646833232515519,0.4455738280194911,0.9292766006498103,High extinction
121.24242424242425,8.143350065247018,0.4395129951471778,1.1621962113602429,0.7206890030708727,0.6969884063556635,0.7617315488262213,0.4377363118126351,0.9292185272426363,High extinction
122.49494949494951,8.143350065247018,0.4395129951471778,1.1458627987624168,0.7285734614655192,0.6969884063556635,0.758754429123521,0.4299289142159417,0.9291606347793472,High extinction
123.74747474747475,8.143350065247018,0.4395129951471778,1.129529386164591,0.7364596078617998,0.6969884063556635,0.755752038521998,0.4221554088921328,0.9291029165106773,High extinction
125,8.143350065247018,0.4395129951471778,1.1131959735667651,0.7443473886080417,0.6969884063556635,0.7527244594666929,0.41441950218035045,0.9290453659695053,High extinction
